stage,timestamp,elapsed,allocated,reserved,max_allocated,max_reserved
diagnostic_settings,2026-10-01T08:07:16.006454+00:00,3.298999990875018e-05,0,0,0,0
environment_check_start,2026-10-01T08:07:16.019418+00:00,0.013000531999978193,0,0,0,0
trainer_initialize_start,2026-10-01T08:07:18.208310+00:00,2.201890540000022,0,0,0,0
state_audit_before_restore_start,2026-10-01T08:07:57.389384+00:00,41.38296306500001,3575265280,3682598912,3575265280,3682598912
state_audit_before_restore_complete,2026-10-01T08:07:57.421753+00:00,41.4153360119999,3575265280,3682598912,3575265280,3682598912
checkpoint_load_start,2026-10-01T08:07:57.428853+00:00,41.42243489899988,3575265280,3682598912,3575265280,3682598912
checkpoint_load_complete,2026-10-01T08:09:03.889415+00:00,107.88299855699984,3575265280,3682598912,3575265280,3682598912
model_state_restore_start,2026-10-01T08:09:03.892072+00:00,107.885651757,3575265280,3682598912,3575265280,3682598912
model_state_restore_cuda_sync_start,2026-10-01T08:09:04.669236+00:00,108.66281851500003,3575265280,3682598912,3575265280,3682598912
model_state_restore_complete,2026-10-01T08:09:04.702027+00:00,108.69560449799997,3575265280,3682598912,3575265280,3682598912
optimizer_state_restore_start,2026-10-01T08:09:04.704157+00:00,108.69773308899994,3575265280,3682598912,3575265280,3682598912
optimizer_state_restore_cuda_sync_start,2026-10-01T08:09:04.709993+00:00,108.70357318399988,3575265280,3682598912,3575265280,3682598912
optimizer_state_restore_complete,2026-10-01T08:09:04.743243+00:00,108.7368209419999,3575265280,3682598912,3575265280,3682598912
rng_checkpoint_reload_start,2026-10-01T08:09:04.765587+00:00,108.75917146099982,3575265280,3682598912,3575265280,3682598912
rng_checkpoint_reload_complete,2026-10-01T08:09:34.666635+00:00,138.66021692000004,3575265280,3682598912,3575265280,3682598912
checkpoint_restore_cuda_sync_start,2026-10-01T08:09:34.671523+00:00,138.6651029489999,3575265280,3682598912,3575265280,3682598912
checkpoint_restore_complete,2026-10-01T08:09:34.707462+00:00,138.7010412269999,3575265280,3682598912,3575265280,3682598912
state_audit_after_restore_complete,2026-10-01T08:09:34.754039+00:00,138.7476288339999,3575265280,3682598912,3575265280,3682598912
ddp_setup_start,2026-10-01T08:09:34.763436+00:00,138.75702054999988,3575265280,3682598912,3575265280,3682598912
ddp_setup_cuda_sync_start,2026-10-01T08:09:36.041077+00:00,140.03466252399994,6953390080,7140802560,6953390080,7140802560
ddp_setup_complete,2026-10-01T08:09:36.079972+00:00,140.07355363800002,6953390080,7140802560,6953390080,7140802560
state_audit_after_ddp_complete,2026-10-01T08:09:36.137478+00:00,140.13106340900003,6953390592,7140802560,6953391104,7140802560
batch_load_start,2026-10-01T08:09:36.148033+00:00,140.14162014199997,6953390592,7140802560,6953391104,7140802560
batch_load_complete,2026-10-01T08:09:36.652954+00:00,140.64653681699997,6953390592,7140802560,6953391104,7140802560
transfer_to_gpu_start,2026-10-01T08:09:36.656658+00:00,140.65024582399997,6953390592,7140802560,6953391104,7140802560
transfer_to_gpu_cuda_sync_start,2026-10-01T08:09:36.688611+00:00,140.68219747499984,7066653184,7254048768,7066653184,7254048768
transfer_to_gpu_complete,2026-10-01T08:09:36.727478+00:00,140.72105876299997,7066653184,7254048768,7066653184,7254048768
forward_start,2026-10-01T08:09:36.767554+00:00,140.76113767099991,7066653184,7254048768,7066653184,7254048768
