full_path,bytes,relative_to_plan_output_root
D:\my-project\orchid-sam3\results\models\smoke\checkpoints\diagnostic_a1.pt,10081260130,models\smoke\checkpoints\diagnostic_a1.pt
D:\my-project\orchid-sam3\results\models\smoke\logs\resume_diag_a1\config.yaml,10367,models\smoke\logs\resume_diag_a1\config.yaml
D:\my-project\orchid-sam3\results\models\smoke\logs\resume_diag_a1\console.log,153860,models\smoke\logs\resume_diag_a1\console.log
D:\my-project\orchid-sam3\results\models\smoke\logs\resume_diag_a1\environment.json,3545,models\smoke\logs\resume_diag_a1\environment.json
D:\my-project\orchid-sam3\results\models\smoke\logs\resume_diag_a1\gpu_monitor.jsonl,2121,models\smoke\logs\resume_diag_a1\gpu_monitor.jsonl
D:\my-project\orchid-sam3\results\models\smoke\logs\resume_diag_a1\log.txt,139365,models\smoke\logs\resume_diag_a1\log.txt
D:\my-project\orchid-sam3\results\models\smoke\logs\resume_diag_a1\result.json,284,models\smoke\logs\resume_diag_a1\result.json
D:\my-project\orchid-sam3\results\models\smoke\logs\resume_diag_a1\source_checkpoint.json,152,models\smoke\logs\resume_diag_a1\source_checkpoint.json
D:\my-project\orchid-sam3\results\models\smoke\logs\resume_diag_a1\source_preserved.json,83,models\smoke\logs\resume_diag_a1\source_preserved.json
D:\my-project\orchid-sam3\results\models\smoke\logs\resume_diag_a1\stages.jsonl,13079,models\smoke\logs\resume_diag_a1\stages.jsonl
D:\my-project\orchid-sam3\results\models\smoke\logs\resume_diag_a1\state_after_ddp.json,1231132,models\smoke\logs\resume_diag_a1\state_after_ddp.json
D:\my-project\orchid-sam3\results\models\smoke\logs\resume_diag_a1\state_after_restore.json,1231133,models\smoke\logs\resume_diag_a1\state_after_restore.json
D:\my-project\orchid-sam3\results\models\smoke\logs\resume_diag_a1\state_after_step.json,1231127,models\smoke\logs\resume_diag_a1\state_after_step.json
D:\my-project\orchid-sam3\results\models\smoke\logs\resume_diag_a1\state_before_restore.json,304491,models\smoke\logs\resume_diag_a1\state_before_restore.json
D:\my-project\orchid-sam3\results\models\smoke\logs\resume_diag_a1\tensorboard\events.out.tfevents.1790828136.DESKTOP-E8BF7FL.551.0dc290f53-0f01-4e37-9aeb-a29f31865904,88,models\smoke\logs\resume_diag_a1\tensorboard\events.out.tfevents.1790828136.DESKTOP-E8BF7FL.551.0dc290f53-0f01-4e37-9aeb-a29f31865904
D:\my-project\orchid-sam3\results\models\smoke\logs\resume_diag_noddp1\config.yaml,10379,models\smoke\logs\resume_diag_noddp1\config.yaml
D:\my-project\orchid-sam3\results\models\smoke\logs\resume_diag_noddp1\console.log,148270,models\smoke\logs\resume_diag_noddp1\console.log
D:\my-project\orchid-sam3\results\models\smoke\logs\resume_diag_noddp1\environment.json,3545,models\smoke\logs\resume_diag_noddp1\environment.json
D:\my-project\orchid-sam3\results\models\smoke\logs\resume_diag_noddp1\gpu_monitor.jsonl,2916,models\smoke\logs\resume_diag_noddp1\gpu_monitor.jsonl
D:\my-project\orchid-sam3\results\models\smoke\logs\resume_diag_noddp1\kernel_after.log,43428,models\smoke\logs\resume_diag_noddp1\kernel_after.log
D:\my-project\orchid-sam3\results\models\smoke\logs\resume_diag_noddp1\kernel_during.log,39431,models\smoke\logs\resume_diag_noddp1\kernel_during.log
D:\my-project\orchid-sam3\results\models\smoke\logs\resume_diag_noddp1\log.txt,139369,models\smoke\logs\resume_diag_noddp1\log.txt
D:\my-project\orchid-sam3\results\models\smoke\logs\resume_diag_noddp1\result.json,506,models\smoke\logs\resume_diag_noddp1\result.json
D:\my-project\orchid-sam3\results\models\smoke\logs\resume_diag_noddp1\source_checkpoint.json,152,models\smoke\logs\resume_diag_noddp1\source_checkpoint.json
D:\my-project\orchid-sam3\results\models\smoke\logs\resume_diag_noddp1\source_preserved.json,83,models\smoke\logs\resume_diag_noddp1\source_preserved.json
D:\my-project\orchid-sam3\results\models\smoke\logs\resume_diag_noddp1\stages.jsonl,7947,models\smoke\logs\resume_diag_noddp1\stages.jsonl
D:\my-project\orchid-sam3\results\models\smoke\logs\resume_diag_noddp1\state_after_ddp.json,1231133,models\smoke\logs\resume_diag_noddp1\state_after_ddp.json
D:\my-project\orchid-sam3\results\models\smoke\logs\resume_diag_noddp1\state_after_restore.json,1231133,models\smoke\logs\resume_diag_noddp1\state_after_restore.json
D:\my-project\orchid-sam3\results\models\smoke\logs\resume_diag_noddp1\state_before_restore.json,304491,models\smoke\logs\resume_diag_noddp1\state_before_restore.json
D:\my-project\orchid-sam3\results\models\smoke\logs\resume_diag_noddp1\tensorboard\events.out.tfevents.1790840616.DESKTOP-E8BF7FL.646.082b7eee2-171d-4097-a40e-e6e9440e0d23,88,models\smoke\logs\resume_diag_noddp1\tensorboard\events.out.tfevents.1790840616.DESKTOP-E8BF7FL.646.082b7eee2-171d-4097-a40e-e6e9440e0d23
D:\my-project\orchid-sam3\results\models\smoke\logs\resume_diag_noddp1\timeout_stack.txt,339,models\smoke\logs\resume_diag_noddp1\timeout_stack.txt
D:\my-project\orchid-sam3\results\models\smoke\logs\resume_diag_original1\command.json,253,models\smoke\logs\resume_diag_original1\command.json
D:\my-project\orchid-sam3\results\models\smoke\logs\resume_diag_original1\config.yaml,10388,models\smoke\logs\resume_diag_original1\config.yaml
D:\my-project\orchid-sam3\results\models\smoke\logs\resume_diag_original1\console.log,149292,models\smoke\logs\resume_diag_original1\console.log
D:\my-project\orchid-sam3\results\models\smoke\logs\resume_diag_original1\environment.json,3545,models\smoke\logs\resume_diag_original1\environment.json
D:\my-project\orchid-sam3\results\models\smoke\logs\resume_diag_original1\gpu_monitor.jsonl,3367,models\smoke\logs\resume_diag_original1\gpu_monitor.jsonl
D:\my-project\orchid-sam3\results\models\smoke\logs\resume_diag_original1\kernel_after.log,52151,models\smoke\logs\resume_diag_original1\kernel_after.log
D:\my-project\orchid-sam3\results\models\smoke\logs\resume_diag_original1\kernel_during.log,47002,models\smoke\logs\resume_diag_original1\kernel_during.log
D:\my-project\orchid-sam3\results\models\smoke\logs\resume_diag_original1\log.txt,139518,models\smoke\logs\resume_diag_original1\log.txt
D:\my-project\orchid-sam3\results\models\smoke\logs\resume_diag_original1\result.json,511,models\smoke\logs\resume_diag_original1\result.json
D:\my-project\orchid-sam3\results\models\smoke\logs\resume_diag_original1\source_checkpoint.json,152,models\smoke\logs\resume_diag_original1\source_checkpoint.json
D:\my-project\orchid-sam3\results\models\smoke\logs\resume_diag_original1\source_preserved.json,83,models\smoke\logs\resume_diag_original1\source_preserved.json
D:\my-project\orchid-sam3\results\models\smoke\logs\resume_diag_original1\stages.jsonl,9035,models\smoke\logs\resume_diag_original1\stages.jsonl
D:\my-project\orchid-sam3\results\models\smoke\logs\resume_diag_original1\state_after_ddp.json,1231132,models\smoke\logs\resume_diag_original1\state_after_ddp.json
D:\my-project\orchid-sam3\results\models\smoke\logs\resume_diag_original1\state_after_restore.json,1231133,models\smoke\logs\resume_diag_original1\state_after_restore.json
D:\my-project\orchid-sam3\results\models\smoke\logs\resume_diag_original1\state_before_restore.json,304491,models\smoke\logs\resume_diag_original1\state_before_restore.json
D:\my-project\orchid-sam3\results\models\smoke\logs\resume_diag_original1\tensorboard\events.out.tfevents.1790841301.DESKTOP-E8BF7FL.628.063d6e4b2-e295-4be1-b14d-0e7b61eed39f,88,models\smoke\logs\resume_diag_original1\tensorboard\events.out.tfevents.1790841301.DESKTOP-E8BF7FL.628.063d6e4b2-e295-4be1-b14d-0e7b61eed39f
D:\my-project\orchid-sam3\results\models\smoke\logs\resume_diag_original1\timeout_stack.txt,339,models\smoke\logs\resume_diag_original1\timeout_stack.txt
D:\my-project\orchid-sam3\results\models\smoke\logs\resume_diag_weights1\command.json,255,models\smoke\logs\resume_diag_weights1\command.json
D:\my-project\orchid-sam3\results\models\smoke\logs\resume_diag_weights1\config.yaml,10385,models\smoke\logs\resume_diag_weights1\config.yaml
D:\my-project\orchid-sam3\results\models\smoke\logs\resume_diag_weights1\console.log,149233,models\smoke\logs\resume_diag_weights1\console.log
D:\my-project\orchid-sam3\results\models\smoke\logs\resume_diag_weights1\environment.json,3545,models\smoke\logs\resume_diag_weights1\environment.json
D:\my-project\orchid-sam3\results\models\smoke\logs\resume_diag_weights1\gpu_monitor.jsonl,3072,models\smoke\logs\resume_diag_weights1\gpu_monitor.jsonl
D:\my-project\orchid-sam3\results\models\smoke\logs\resume_diag_weights1\kernel_after.log,60753,models\smoke\logs\resume_diag_weights1\kernel_after.log
D:\my-project\orchid-sam3\results\models\smoke\logs\resume_diag_weights1\kernel_during.log,55846,models\smoke\logs\resume_diag_weights1\kernel_during.log
D:\my-project\orchid-sam3\results\models\smoke\logs\resume_diag_weights1\log.txt,139517,models\smoke\logs\resume_diag_weights1\log.txt
D:\my-project\orchid-sam3\results\models\smoke\logs\resume_diag_weights1\result.json,511,models\smoke\logs\resume_diag_weights1\result.json
D:\my-project\orchid-sam3\results\models\smoke\logs\resume_diag_weights1\source_checkpoint.json,152,models\smoke\logs\resume_diag_weights1\source_checkpoint.json
D:\my-project\orchid-sam3\results\models\smoke\logs\resume_diag_weights1\source_preserved.json,83,models\smoke\logs\resume_diag_weights1\source_preserved.json
D:\my-project\orchid-sam3\results\models\smoke\logs\resume_diag_weights1\stages.jsonl,8977,models\smoke\logs\resume_diag_weights1\stages.jsonl
D:\my-project\orchid-sam3\results\models\smoke\logs\resume_diag_weights1\state_after_ddp.json,304493,models\smoke\logs\resume_diag_weights1\state_after_ddp.json
D:\my-project\orchid-sam3\results\models\smoke\logs\resume_diag_weights1\state_after_restore.json,304494,models\smoke\logs\resume_diag_weights1\state_after_restore.json
D:\my-project\orchid-sam3\results\models\smoke\logs\resume_diag_weights1\state_before_restore.json,304494,models\smoke\logs\resume_diag_weights1\state_before_restore.json
D:\my-project\orchid-sam3\results\models\smoke\logs\resume_diag_weights1\tensorboard\events.out.tfevents.1790842039.DESKTOP-E8BF7FL.640.03e5be199-371a-43f8-9823-65c69b35dce2,88,models\smoke\logs\resume_diag_weights1\tensorboard\events.out.tfevents.1790842039.DESKTOP-E8BF7FL.640.03e5be199-371a-43f8-9823-65c69b35dce2
D:\my-project\orchid-sam3\results\models\smoke\logs\resume_diag_weights1\timeout_stack.txt,339,models\smoke\logs\resume_diag_weights1\timeout_stack.txt
D:\my-project\orchid-sam3\results\tables\2026-10-01_resume_diag_a1.csv,5236,tables\2026-10-01_resume_diag_a1.csv
D:\my-project\orchid-sam3\results\tables\2026-10-01_resume_diag_checkpoint_verification.json,789,tables\2026-10-01_resume_diag_checkpoint_verification.json
D:\my-project\orchid-sam3\results\tables\2026-10-01_resume_diag_noddp1.csv,3108,tables\2026-10-01_resume_diag_noddp1.csv
D:\my-project\orchid-sam3\results\tables\2026-10-01_resume_diag_original1.csv,3485,tables\2026-10-01_resume_diag_original1.csv
D:\my-project\orchid-sam3\results\tables\2026-10-01_resume_diag_summary.csv,1616,tables\2026-10-01_resume_diag_summary.csv
D:\my-project\orchid-sam3\results\tables\2026-10-01_resume_diag_summary.json,15432,tables\2026-10-01_resume_diag_summary.json
D:\my-project\orchid-sam3\results\tables\2026-10-01_resume_diag_weights1.csv,3431,tables\2026-10-01_resume_diag_weights1.csv
