component,relative_path,bytes,sha256
dataset,data/processed/annotations_area_fixed/area_changes.csv,115706,0930e887bec1d0f9b5bb8bcc5849bff0d86c6252a842a89f83db60ca290025ee
dataset,data/processed/annotations_area_fixed/README.dataset.txt,139,51bdcb5281fa06ce4d67876031b111f1034bed1342ecf34c1ffe2b703aeb5e98
dataset,data/processed/annotations_area_fixed/README.roboflow.txt,990,4620d486568c859e743f22dcf28b6d02e19d84455e069df9d80114ccf596363d
dataset,data/processed/annotations_area_fixed/repair_manifest.json,49116,0b14898396d347734c537b04fd71639450bf3e3260158211f5d66ea2c1c20548
dataset,data/processed/annotations_area_fixed/test/_annotations.coco.json,331327,2695b851f75664318c1d5175f9b79e4fb254fc4f149bbe88b8a153fd54bf1dd9
dataset,data/processed/annotations_area_fixed/test/beautiful-pink-flower-decoration_jpg.rf.459189d21870e32a4321b187476b87c6.jpg,25460,a138020d409b3b680411c4b35176abe9287aa48dc08f141931d7bd9f73c2c14f
dataset,data/processed/annotations_area_fixed/test/istockphoto-1097988752-1024x1024_jpg.rf.5d30608e880a3f8b111e2f07ca834ad8.jpg,30051,e9e118bbe104fa8b9922590d9cc7187a957224ead69446e097a624f2c6d4eb6e
dataset,data/processed/annotations_area_fixed/test/istockphoto-1097988806-1024x1024_jpg.rf.48492bce997975bf6f20a5be66b30bad.jpg,34380,c6290fa56286b1ddd56fbbf5f569c6741ce327254e35b18055176634a404d717
dataset,data/processed/annotations_area_fixed/test/istockphoto-1136524493-1024x1024_jpg.rf.a9bcdf7ef3b69986b48ad8dc2fc2b49f.jpg,22546,bb153546ada9549de8d2bd530a709fec2ce6a1289ad740fc2c87e56553284d6c
dataset,data/processed/annotations_area_fixed/test/istockphoto-1202731756-1024x1024_jpg.rf.c6bdd71ae4b7b4d01e4b4287b9d0aae1.jpg,16040,165d7d0aa8d0bd336b8513269d759dd8c30657a13228e9141e5c8df12c8dcd52
dataset,data/processed/annotations_area_fixed/test/istockphoto-1298681642-1024x1024_jpg.rf.209c382dba9473f6245d9a2f6a4f7106.jpg,16706,5e50edd8b3d301dce5cbdafe6385c1eb35bcbfb1f8a2941d0c01a21d06e171a1
dataset,data/processed/annotations_area_fixed/test/istockphoto-1352911282-1024x1024_jpg.rf.2d6accac905099601342d0e1c3ab861f.jpg,13474,907be0466f99efd19854b3bc0a90a556358e0c755d3edab91c1b45f2d2b93d06
dataset,data/processed/annotations_area_fixed/test/istockphoto-1434187832-1024x1024_jpg.rf.ebf0cd791c81b0e98051c80530282c4c.jpg,25679,a858cdc42fa3c7a25d6846dda247b2c8135152cf240bc200fedf2a455ef061d4
dataset,data/processed/annotations_area_fixed/test/istockphoto-1437305926-1024x1024_jpg.rf.7f5799ecaef2041d10d154d073ca6d34.jpg,14224,f3ff3d6e3f8587da2de00a33419709bfd71973ae4da015f9c64c75b8add86dde
dataset,data/processed/annotations_area_fixed/test/istockphoto-178547772-1024x1024_jpg.rf.10a01e1c6535ab1274f31e816eb555be.jpg,21492,9d308aa1b91aadb86f302c65be3c21e1a6e9386b50b310b0032a73f6bdda804f
dataset,data/processed/annotations_area_fixed/test/istockphoto-1993304765-1024x1024_jpg.rf.4072aa4bfa522146e14e8cb73dc694ec.jpg,17574,36e19d5da10cfd1c64aabd8dffe7fd662730a95eab92f1d215caf08c505a9383
dataset,data/processed/annotations_area_fixed/test/istockphoto-2284377729-1024x1024_jpg.rf.986256915cde92f611622a584347a716.jpg,31086,ae7791e341820c98d713d3c66d46fc9aa1573984d4a115bfcbc664c3fd399918
dataset,data/processed/annotations_area_fixed/test/istockphoto-915814270-1024x1024_jpg.rf.1698b2225165f58a6b82866066249781.jpg,26308,c7bcb4514320b3ded1d480f03bf13554660b2cb91feeadf2ac9166c15b74d9d4
dataset,data/processed/annotations_area_fixed/test/pexels-ameliacui-37006999_jpg.rf.529e83dc6d8faa1b9129bcfaf5f91e06.jpg,26757,b67646e57f8bed7115c69a9e57465d993667fc844301236c4e87b8a7dce766b8
dataset,data/processed/annotations_area_fixed/test/pexels-andromeda99-37315558_jpg.rf.97887ea48d8fe7ad77448d48929b7cc8.jpg,31475,9155c8eb861ec5cbaf0dcfe9e70d68896724a0d3c471c7b60e70a480a4a546d6
dataset,data/processed/annotations_area_fixed/test/pexels-andy-lee-222330306-12515169_jpg.rf.c441f4220f7a1cefdc037189a3e6a7bb.jpg,24123,b23287c681c8b38285c563230e8b98d3da7dc38b1b148d0ab18d5da35f2bd218
dataset,data/processed/annotations_area_fixed/test/pexels-andy-lee-222330306-35678178_jpg.rf.fdc1d019cbddbdf73c8188bc5a34165a.jpg,35715,664fe50334bfa1cab22167d688e28e70d03988f5029186f22aa436a4f8221b84
dataset,data/processed/annotations_area_fixed/test/pexels-chongks-195925549-11478454_jpg.rf.905236981898275e425ad105989fa06d.jpg,28462,d2498a09014c579c3fcf48632e97957f6fc20c9db9caf03d69b588148dc7e4a6
dataset,data/processed/annotations_area_fixed/test/pexels-damir-20130986_jpg.rf.1d68fe5eb78b593fda64597931119206.jpg,23571,2e012c5c6ab983d654bf052e0c9a798151ae30c988f0608293375ee425f909b5
dataset,data/processed/annotations_area_fixed/test/pexels-daria-mironchak-92377292-14923536_jpg.rf.465399a3333ca7fb08abd1de719297e7.jpg,19373,95450398b9c7ed9d105845a278fdeb476a5e22462ab330f4e495335144589245
dataset,data/processed/annotations_area_fixed/test/pexels-david-lund-2148427807-30552864_jpg.rf.acccc42081c5299456f70e84075a2c2e.jpg,25543,0562ae89521a89f3aeec5d131395cd444328bf64fa911eccfda8627e6fd5dbe4
dataset,data/processed/annotations_area_fixed/test/pexels-didsss-9579247_jpg.rf.8559fe702c85990cae792357be87a25c.jpg,18117,679cd048de6fb7ebc6bb580b03146ed98662334318904b7bda300c1b09942bea
dataset,data/processed/annotations_area_fixed/test/pexels-duy-s-house-of-photo-2150454349-35104416_jpg.rf.711b743693de254bf7a0ae3aa43c527e.jpg,29935,39fd1d1673da2d625d127a71f0fe5de87e2665efb1acdaa4bf9f49b4b9a3b750
dataset,data/processed/annotations_area_fixed/test/pexels-enginakyurt-38856561_jpg.rf.8ecf88bfe95be3257e010c6f6dce4604.jpg,48421,edc181fe9b486dd5cbf2cae0fc243cf4c4df2b3dda0f86c392f8878b3a4a762c
dataset,data/processed/annotations_area_fixed/test/pexels-janellecua-9153112_jpg.rf.4d967749496f2e843344af64edfaf8d2.jpg,21191,87a68f6419af687e27dc59478639c6447d7f626e958c1db5e8b467adb7a69e76
dataset,data/processed/annotations_area_fixed/test/pexels-samuel-gay-820551583-33214496_jpg.rf.40237b30a606525ba99625a908749753.jpg,21579,291fc1452aeeae1897c5a1325f98189ce71624a8da455fcac514dd5d393c644a
dataset,data/processed/annotations_area_fixed/test/pexels-soldiervip-30349366_jpg.rf.fc0a35a9ff5eb9d9c4ed5dd09c2976b7.jpg,22275,6eee0ec8d076513a1f9983e3d0f92768afb192b1b914922c155b21dbb60ea7c0
dataset,data/processed/annotations_area_fixed/test/pexels-vinaug-5194871_jpg.rf.9de0acf6dd20c06b25561011efe44bf0.jpg,11363,903c9772ad398c4bcdaefcd1b1b5358be588d54c2c71aa72e41163af1662fd38
dataset,data/processed/annotations_area_fixed/test/pexels-wijs-wise-136435282-12495670_jpg.rf.84cd589886110e85776c788ffd24b35a.jpg,16612,4272c810d0f0953b470c93c9d3723ec29129ad1915b836fc8431da3a06453f0a
dataset,data/processed/annotations_area_fixed/test/pexels-zehra-i-slamoglu-2151576663-37690060_jpg.rf.4d8932806253f4c0227e6777d8a7f054.jpg,20780,0b46410e42162c4ed8b5a0167a861646824fc6baf4b2c4f83814d49ab3b3f19d
dataset,data/processed/annotations_area_fixed/train/_annotations.coco.json,1914986,a0fd7d1ca18f8ad827c6ab5aea923c1d78954b12e01e8e81d43f79f81301e009
dataset,data/processed/annotations_area_fixed/train/blossoms-colorful-backdrops_jpg.rf.9d5b5e98301a02f1397e6e6eddf3e51d.jpg,26021,071f6608e9474a86c25a78470fa3d35a06a26b7b35c573953e6668bbe1d872ad
dataset,data/processed/annotations_area_fixed/train/closeup-beautiful-orange-orchid_jpg.rf.7cd637b3b8f45687b8943949a1da0b4a.jpg,26236,d35cdfe9030a832484426ce19fdef41cd0d56145601d26949fa99ac318940048
dataset,data/processed/annotations_area_fixed/train/istockphoto-1066372492-1024x1024_jpg.rf.2477a52c479e7ead187e1a30b68f7621.jpg,16539,83005e261171302e62b631eb37947d903148ca782346a257a8f6b1eb0df1ff24
dataset,data/processed/annotations_area_fixed/train/istockphoto-111979733-1024x1024_jpg.rf.7e50a650439a40ecea5e8b116ae4831b.jpg,20137,b5682190ee723c7d7a853b40e31b821a846e52ef6b4996664ba08b73f6fdf4e9
dataset,data/processed/annotations_area_fixed/train/istockphoto-1135557377-1024x1024_jpg.rf.353f203c9aca65267bd09f21679fdd25.jpg,31069,d0c01b4e1bacaa6fda7fcc202e511fc9d349fcbd7e3559bc1527802e413d322a
dataset,data/processed/annotations_area_fixed/train/istockphoto-1140210853-1024x1024_jpg.rf.ce3cfedb1e23f6e4d1e39ce09d9c836c.jpg,28136,fadfbbcacfa09a713211a14048696b4844ba04bca9ada49795bf6e1f195d7eac
dataset,data/processed/annotations_area_fixed/train/istockphoto-1144853131-1024x1024_jpg.rf.c1d046e421edfbccba54d81a8f2ed84e.jpg,21705,9667137151fc8bb77e6fed1047da01b5374bdc3c2c8c1320f39f852c0fe5290b
dataset,data/processed/annotations_area_fixed/train/istockphoto-1170864952-1024x1024_jpg.rf.f97e37419cf02c0b2016655a2fd9d10f.jpg,28157,cc15d61fffd60cab886b919fbb0f3aabfc840060483e12bd661ddc6cebbfb3fb
dataset,data/processed/annotations_area_fixed/train/istockphoto-1190898687-1024x1024_jpg.rf.7790d717d9ce1bcae13f00dd8fad8967.jpg,21262,ed6b427517852139468caa523af4f26b1263364328367ddee1046d03c6bc88ba
dataset,data/processed/annotations_area_fixed/train/istockphoto-1190898763-1024x1024_jpg.rf.336e3e20011f7e3d3bbb026f61e5519b.jpg,21470,704188b48bfdc594940ba9a4fcbbc168f0047c0fa25d7a02c9bdeff4d516c46b
dataset,data/processed/annotations_area_fixed/train/istockphoto-1197806965-1024x1024_jpg.rf.398bed3618502412bada4e742a9592f8.jpg,13504,b3ec652f25fe990974d22d43503f456f912d618d64f956ecf9df5edf7ee47c33
dataset,data/processed/annotations_area_fixed/train/istockphoto-1202238212-1024x1024_jpg.rf.3b4f5bd6eb6947e65fe443b7246ed9b4.jpg,14424,8967eecb1c7e7e4777a12da73bdf2e0d863ba09693a6e489c41f9cad5d50a8ae
dataset,data/processed/annotations_area_fixed/train/istockphoto-1207537488-1024x1024_jpg.rf.8e33b2aa7e0076f96a9119a356dcbbaf.jpg,18708,4eebe6346504418a2f1f0e812023b1a07ed5fe3f09f96b19a6c8cd9c6da8fd22
dataset,data/processed/annotations_area_fixed/train/istockphoto-1237502622-1024x1024_jpg.rf.8fe67d3c6d9802e6c4c11d32418d9318.jpg,19250,45d1eb75275581d5522b7b9ad33303b81c343fba658a3573633b0e625eb6b7f4
dataset,data/processed/annotations_area_fixed/train/istockphoto-1261722359-1024x1024_jpg.rf.b109727e5ef7808936f186a11f86d3a8.jpg,18201,11474a0a790bc3449f5a0af3803ffd0a95f351a06e09a8915ca5f7ba5f662824
dataset,data/processed/annotations_area_fixed/train/istockphoto-1270842545-1024x1024_jpg.rf.a4b18fc5b7352aa98ee774f45119f047.jpg,23978,ff16e0e8d1609c29927c35864ff50fd4ea52dfccf48c1d3e0191191927f621c6
dataset,data/processed/annotations_area_fixed/train/istockphoto-1271282201-1024x1024_jpg.rf.3c043080da1faaea4acbb085614fe421.jpg,18511,83fccb61bd0ec29a69e53d0d2f21b7284983e1ad1227359516079cdf0f3f1a9b
dataset,data/processed/annotations_area_fixed/train/istockphoto-1288572455-1024x1024_jpg.rf.ad73c6fb80b29a5a4196dfadc8573cd0.jpg,16780,5092a88cec3192484cc8576dceb1c18ecb9cccab03811f296394e5da98fa0494
dataset,data/processed/annotations_area_fixed/train/istockphoto-1292748488-1024x1024_jpg.rf.0e84b2e341220c65eb3666ab1bf25519.jpg,19129,79eff57b96220f491e246547de9ac6786a51577249c5de1147e1f06607275256
dataset,data/processed/annotations_area_fixed/train/istockphoto-1298681656-1024x1024_jpg.rf.3f125387f58d7f6b18098899f718623f.jpg,17989,6d0109eb2f6bc2ee1c70e8505ab54a513defd0b0a271af414b71a7c039bda433
dataset,data/processed/annotations_area_fixed/train/istockphoto-1300393728-1024x1024_jpg.rf.faf8b0f617baa8c6f2fab027c5d05ee2.jpg,22621,bb19f3647cb0c67f0068851a8ae578c375d5a00c45204eaa45325a21e02a1ce2
dataset,data/processed/annotations_area_fixed/train/istockphoto-1312046123-1024x1024_jpg.rf.85737de26676b1e3d08e89fbfe593313.jpg,22739,9b0398911cee1d7ae44a9bdecb63b702eb5218eb7dbdea4705671c1a0a1a12af
dataset,data/processed/annotations_area_fixed/train/istockphoto-1320793121-1024x1024_jpg.rf.af85449e43aa05f8c07e2aae9ff9d9fc.jpg,18847,d3e91efee29082fd34eb88f002f334e0fd88a4a28bb7eda57c3112201ed409ac
dataset,data/processed/annotations_area_fixed/train/istockphoto-1335735123-1024x1024_jpg.rf.d61250ea549592aaeda5609e9abdb046.jpg,19299,d70a880308d9ec27316fb58e434aa8be8d79d169cff806e61b273c76ea0e0faf
dataset,data/processed/annotations_area_fixed/train/istockphoto-1352911277-1024x1024_jpg.rf.cca157684276233213288a1b4bc753bb.jpg,13287,da5c8187bddacb0c80bbe4494093972678d660169bf546a368719ec72cae503a
dataset,data/processed/annotations_area_fixed/train/istockphoto-1358051590-1024x1024_jpg.rf.a64c76fdb9bf571509d5f0fc9036235b.jpg,18046,8bbc1a8ecaebe5a12c6719ffaa1a271630a3c39ddcd180697a0b20afb3a7dbcf
dataset,data/processed/annotations_area_fixed/train/istockphoto-1365059459-1024x1024_jpg.rf.306b451785400e83eb6dff5a87959c16.jpg,16659,039189165d015d89263390c67bf26823dbe35f38c03db3b240225c0da1c38d61
dataset,data/processed/annotations_area_fixed/train/istockphoto-1384586222-1024x1024_jpg.rf.b91bbfec63e51a704ede1a598daf8cf4.jpg,23477,e5e6aa5c63756fb22e2b902214e7d3d0eccd98b9ba428290bb5c9912038e2b2d
dataset,data/processed/annotations_area_fixed/train/istockphoto-1398868689-1024x1024_jpg.rf.4f93b3c7267513d798f37871c6ee1cf8.jpg,22143,72b8068fc94f19fdeb47c1dd80855524f0cfe447fc1f190ba3746bccf37917fa
dataset,data/processed/annotations_area_fixed/train/istockphoto-1418166584-1024x1024_jpg.rf.0739be0359d0ea985e856ad1945ba465.jpg,14126,f6eceb159429c458d3ad8cb2f3deccac5a0ed53974f6d9617e17963ff29e5314
dataset,data/processed/annotations_area_fixed/train/istockphoto-1465109262-1024x1024_jpg.rf.a015dc6038e50695e8eca9f13a875343.jpg,22558,dc70c2e0aaf2fa69104f0aae4bf5a712245203a30d55b6c43765f73a4f8554ff
dataset,data/processed/annotations_area_fixed/train/istockphoto-1467908315-1024x1024_jpg.rf.4240cb7006fa66dffe30d5fa5fd14c96.jpg,16760,070a0d0943799ed4c873cb8488931be9d80892fb76599887993a525c349b1ec4
dataset,data/processed/annotations_area_fixed/train/istockphoto-146859418-1024x1024_jpg.rf.0cc53ce14cc37d061894f0d801971239.jpg,23190,4ced554074dc4b6daff3292b4640b06a5d3f0b0acf311725661259f5caee3ef8
dataset,data/processed/annotations_area_fixed/train/istockphoto-1468700780-1024x1024_jpg.rf.70d5735ed313a719b0a9dc43ee9c58a8.jpg,21100,858c7459966a908cc08719ecbb3cfbc23d2f2466b6230b61d4ad12fc1e6ee500
dataset,data/processed/annotations_area_fixed/train/istockphoto-1680550077-1024x1024_jpg.rf.efdc953832d39a3127c30585bb7d3542.jpg,11162,f2f79faf65b00d02baf3baa56ceb47c0e0e1dfbdc231aafdd3161e8d63920834
dataset,data/processed/annotations_area_fixed/train/istockphoto-1680550091-1024x1024_jpg.rf.ad2122a92d1a949aa0c0f087eb5fb33c.jpg,13174,a4dbcc270d129afe9f08768d67402b2d2ac1ae8e8e7c15220979fec599ef950e
dataset,data/processed/annotations_area_fixed/train/istockphoto-172797793-1024x1024_jpg.rf.a2b580056a2945d183dde5aa1ddd2c22.jpg,16039,c03ff212a3a538aa212b977d025796730641b5c6124a989127ed1e1ee357c8fd
dataset,data/processed/annotations_area_fixed/train/istockphoto-178069015-1024x1024_jpg.rf.e9f5e64a5ba2079eefb2ebbc340456fb.jpg,20033,b406dee55f8e5ec795735a556c263889739437b77c5bc8632ea4b5e258c2af79
dataset,data/processed/annotations_area_fixed/train/istockphoto-178082620-1024x1024_jpg.rf.4d82db52d9f3907159459844e56e4d8c.jpg,16877,dff63fe212b153831bbe69f38a5e23ad1a8845bcc2882717ca8340deb4f696a7
dataset,data/processed/annotations_area_fixed/train/istockphoto-1820020881-1024x1024_jpg.rf.ad68d4383764c765dc4d79af5cbb8bd2.jpg,20628,569ec5c6b8d2d182756b34999204b304e558671a6bc7db7d80889201814230c2
dataset,data/processed/annotations_area_fixed/train/istockphoto-182679260-1024x1024_jpg.rf.2c6fc901f07b40b72108e5e59665eaac.jpg,21949,80b5ba284e7939661b0e288533def0d8d04dfaa0f35e4bd44e1ac26dfbd8d81b
dataset,data/processed/annotations_area_fixed/train/istockphoto-1906252504-1024x1024_jpg.rf.30db8d63a34bf276c6aa003006ca0b0f.jpg,23839,d3c3480c0b420d8683cabb89730b13c3f41d1d4d6ae22b4ea13f3723abb0f0ce
dataset,data/processed/annotations_area_fixed/train/istockphoto-1988327022-1024x1024_jpg.rf.d24be415dd80b01870d9fee5ed755143.jpg,15560,b0793c089bea87500f55fdb39fe55a757b34860ec1664f6572a2c1bf5ae89889
dataset,data/processed/annotations_area_fixed/train/istockphoto-1990510851-1024x1024_jpg.rf.56b57561f066e2c24008c1e1203268c3.jpg,18823,ba6ca94615951ee9d3e5c3610bfdde182dcdf8d841d5156dc7166acf6e450596
dataset,data/processed/annotations_area_fixed/train/istockphoto-1996396701-1024x1024_jpg.rf.65e016b68180e6b50dad244224967822.jpg,16813,8782ae2c0cf424bdcf6f58bfacd470af284ad22175c95210c0628ac5e8710b18
dataset,data/processed/annotations_area_fixed/train/istockphoto-2026019116-1024x1024_jpg.rf.a351a61a41a02edb0987a80e32f70303.jpg,14095,b8cab8952e1c0205377d946ffea1b82cf4202b8b2e257ad4a4711c679231cc52
dataset,data/processed/annotations_area_fixed/train/istockphoto-2026019117-1024x1024_jpg.rf.14b2aaa21b5799e44bb67637ffd67a5f.jpg,16914,fd4a068791fa89efd4c2384f8488d0c2cc27d5c7c2af1ccf67e77b7816214d09
dataset,data/processed/annotations_area_fixed/train/istockphoto-2199211914-1024x1024_jpg.rf.f02f76a46d4d45ee81311239335be1f6.jpg,16523,5c0b7ba88654b094ee3f1e8a626b47c8e3bc2a8607e427cd260f18759aff9aa2
dataset,data/processed/annotations_area_fixed/train/istockphoto-2199211992-1024x1024_jpg.rf.0491db2a2c508705828be55d3c0de2e4.jpg,15920,fdc5e2f3fceb8aa366982cd3acf7dcbfca81750361e324b0abe383df3c773699
dataset,data/processed/annotations_area_fixed/train/istockphoto-2199212080-1024x1024_jpg.rf.f60235c498baf927756c45441ee51e2d.jpg,15908,1ef9aa764f73aa5306bf464f50c06c565ad33b2f01663751808c42fd8dc4513d
dataset,data/processed/annotations_area_fixed/train/istockphoto-2206501000-1024x1024_jpg.rf.b7e38160f7e2ef317d7619f5c2821d32.jpg,17971,b9d8ce2a5d3e064d353c3707de1766e36818c3a1460b982261b5ae09e6c0d141
dataset,data/processed/annotations_area_fixed/train/istockphoto-2213938809-1024x1024_jpg.rf.85864e2f6f1d5521b4bfdb2f54346030.jpg,16257,1d27a44255e37cd60e23d6b8b5df550c01d1930f1f7182f7baf69456e7121737
dataset,data/processed/annotations_area_fixed/train/istockphoto-2254358635-1024x1024_jpg.rf.73b23ead7a21929277845141cf145f82.jpg,20264,41da22c1cba71a0ef3384093dcb8a22a8192da740533312f1261d97aca7ab9f7
dataset,data/processed/annotations_area_fixed/train/istockphoto-2259069416-1024x1024_jpg.rf.e2967719b2ef9f284bea0d6f2b4719f5.jpg,32397,71659f2e9121d73fc418ade21f0783b283b4c5e4d6531079a3c88ce2e85f6e03
dataset,data/processed/annotations_area_fixed/train/istockphoto-2265801871-1024x1024_jpg.rf.4c96640c4c46d29da9f1e1e5f8464690.jpg,23014,ffd099cbfc17eef03e131fa45161d8a0739b68affaec43e9b69c1bc6fd30946b
dataset,data/processed/annotations_area_fixed/train/istockphoto-2270420835-1024x1024_jpg.rf.6430172bd9e9bfa437cc6392f3c67c7e.jpg,23254,e292f5b36a48395a9cc824a6fa9ef12b2e4b719a6a3384e7540b1052259946a8
dataset,data/processed/annotations_area_fixed/train/istockphoto-505683136-1024x1024_jpg.rf.62514bdf74e24f1475c632848c9e885e.jpg,20034,aa9986d003d029ba13eaaf127ab9c8454e56db122bf2ef202fe4ee7307889b2c
dataset,data/processed/annotations_area_fixed/train/istockphoto-509252048-1024x1024_jpg.rf.d58a4ef4af4a7e5177bf27ae620b7402.jpg,22312,df24191fcb5100e65ab5c6df367777afd50374d4cd260df2ed6d6016650792ee
dataset,data/processed/annotations_area_fixed/train/istockphoto-520943234-1024x1024_jpg.rf.6b14ff3ad07127f17819b457b251a97a.jpg,17481,7aee6b38218c3085898e5824a8f646b57a5d7a9df21282aa01e73c161d74b2bf
dataset,data/processed/annotations_area_fixed/train/istockphoto-535968529-1024x1024_jpg.rf.e7b711161be00bbfd2023c7a27043519.jpg,24063,8f02193d6954922afc956ea3c8003955b4350255370bdab31e8b2280f97a4833
dataset,data/processed/annotations_area_fixed/train/istockphoto-578600382-1024x1024_jpg.rf.da0083fb59eff9df3a8f5fbd5ca7d784.jpg,16236,5da7e8b8492394f7bc46a73e68f200d782fbd69751b62daf8674040657a8ed6b
dataset,data/processed/annotations_area_fixed/train/istockphoto-626644624-1024x1024_jpg.rf.c998513ec34e4cb3314c96f1f5090c04.jpg,32494,55fa81827f391f0067ee1fe7d70d1a516a259ffda90623ce0b4f064277695c95
dataset,data/processed/annotations_area_fixed/train/istockphoto-628951320-1024x1024_jpg.rf.793bff4c864cd3b5ef920a06f5604004.jpg,15666,76776de7b0e2cfb7baec7a5a9ceb9e57d2b6f18a92272ccc1c3592cb765831f4
dataset,data/processed/annotations_area_fixed/train/istockphoto-667490802-1024x1024_jpg.rf.d52d679a1a2bf75a970ffd73d1451a8c.jpg,13720,5749e9379ad53017358aafab32edea545d69821f742c722196ac66e234a38636
dataset,data/processed/annotations_area_fixed/train/istockphoto-697275736-1024x1024_jpg.rf.7665bef8bfc73d870adda3495a9c4169.jpg,30575,55792719119dd42c655aab8f63e770007cd03d84f7c4b805f6cf130e1149abe8
dataset,data/processed/annotations_area_fixed/train/istockphoto-850789010-1024x1024_jpg.rf.b44757af181130e3920ea4c4d4907b5c.jpg,21423,327b8dd7d6fd22a5f89f44f355721e4095520c50da05f158719f701e3457ac64
dataset,data/processed/annotations_area_fixed/train/istockphoto-850852052-1024x1024_jpg.rf.1f397ec37a74cd94a70c4b5556869cff.jpg,20517,188959336f7f630e395c7410e6f1e9ee9527424ab23fb9d8d51a99817fc02b63
dataset,data/processed/annotations_area_fixed/train/istockphoto-851842926-1024x1024_jpg.rf.59c216076b80ab9cb7b5637d72766b2c.jpg,18080,f328d249d5c37d831f3f8b3fc4c5dd0d9891cd08163035fd56708db5dc92baee
dataset,data/processed/annotations_area_fixed/train/istockphoto-857408188-1024x1024_jpg.rf.8673c5fa189609d55c790da547e1031f.jpg,17584,9d23345bbf5cd030449be66d5a724412c98fec4cbfd77e5d4ae18b2926512bda
dataset,data/processed/annotations_area_fixed/train/istockphoto-869889634-1024x1024_jpg.rf.92500c1a37e19baa19170bb3dd802b32.jpg,21660,782d7a20e7f047a2f9fa811612eb93e2b2754436235fdcfdc243a1725f67c32b
dataset,data/processed/annotations_area_fixed/train/istockphoto-89930790-1024x1024_jpg.rf.d9496e579146cc9dc15c61156ac829f5.jpg,22157,ecba84e506ad73e1b173272dd067360bdad9c49c496a74d05146a3c03d241382
dataset,data/processed/annotations_area_fixed/train/istockphoto-907838328-1024x1024_jpg.rf.8fc3ef6b1e482b061be56fe544d5b090.jpg,17306,03c08d460e61f2f4badfabe5c1bb0cf474ef59e496a0ee8efb171905981d14bf
dataset,data/processed/annotations_area_fixed/train/istockphoto-91051314-1024x1024_jpg.rf.e8b00226711fc2ab16e0c62e01f39a0e.jpg,23575,30bec989e5e4e2e131daa878384318369562f88f02476fa75a053974c869303c
dataset,data/processed/annotations_area_fixed/train/istockphoto-91412142-1024x1024_jpg.rf.e69881472261efd6be078472cdbd9770.jpg,22143,2951c7e4bbfc62b45af560e2f3748f09193713ca3b58184aff28ae95db8078db
dataset,data/processed/annotations_area_fixed/train/istockphoto-917581806-1024x1024_jpg.rf.d225e7b4785262b293158ef06d37fba1.jpg,20460,26c9dd9b775dbd5e75822941ba0f4376d30fe8fd1f8bb015acbfcdf55542ee59
dataset,data/processed/annotations_area_fixed/train/istockphoto-933376796-1024x1024_jpg.rf.d92dff3d62873e2d1b2846f7130b3e53.jpg,13766,83f1839ea5770cae548053b329e9635ddf6499dfabea010c53543f479208462c
dataset,data/processed/annotations_area_fixed/train/istockphoto-936742144-1024x1024_jpg.rf.6418b64ddf21dcf687db6410a7513944.jpg,18300,91b6e35ffdba28e584dbe122f05c5cb320f04506b8bcf6339a42541171122192
dataset,data/processed/annotations_area_fixed/train/istockphoto-936742148-1024x1024_jpg.rf.93ceda1c1519935fb693ee7ef5f01042.jpg,21550,2cb3bcea913ed3851e9dc65af37118a78bb5e3d0dc61817867c4a53e764a45a9
dataset,data/processed/annotations_area_fixed/train/istockphoto-939261206-1024x1024_jpg.rf.20309fd2c918163a59f46cdaa3b41447.jpg,15301,ec0f1375c7c5e95d84189bc7249b0d9bb4865dc0f7f419529a44d66957c19cb1
dataset,data/processed/annotations_area_fixed/train/istockphoto-942125770-1024x1024_jpg.rf.a71068556c63aa1052c0e7553307ba05.jpg,15238,4728657789353ed023e32f835f3ee0afd8b8c61695273006530b09339bf1638a
dataset,data/processed/annotations_area_fixed/train/istockphoto-942126272-1024x1024_jpg.rf.67ebb4261de8fb3e294465020aa1fe01.jpg,21667,e2262891fdb6910e9df1e62231d7146de830cb2d5b2856fd7b0f7ee54671e748
dataset,data/processed/annotations_area_fixed/train/istockphoto-942183704-1024x1024_jpg.rf.4b8d56379ae52b76c5bd3c8c53ea31c6.jpg,14233,2385587fd23dfb20c39df9753ecb761d29c2f7c778a001606bca9914c1359774
dataset,data/processed/annotations_area_fixed/train/istockphoto-966839650-1024x1024_jpg.rf.735afd95e7f39f0fcbd133d6cf27f98a.jpg,19853,ee4faa0612ccaeb87b2c32cbf6617fc96c3c28da32f221b9b42c58a5424acade
dataset,data/processed/annotations_area_fixed/train/pexels-801520453-34714277_jpg.rf.6cff879b4dc9bb0d72aa859ca4136c77.jpg,31610,4d2ecfd3b41ad8e653a32794304725e15fa82d7df02ee49aa9790923827ca73b
dataset,data/processed/annotations_area_fixed/train/pexels-a-g-2163563917-39068770_jpg.rf.476de6185dff508d5626e8359943aa0c.jpg,35136,477a67c0cce1fcc150ea63f2dbbf5a7b03f7884c783c13879a4e96bbc527ed68
dataset,data/processed/annotations_area_fixed/train/pexels-adriane-erthal-107017179-11631444_jpg.rf.8b120a553990a04820a54685cc735442.jpg,26954,0e8b5c0b251ff258ff190dcfb98f04a472545069f117d68ae6cf77177a83833b
dataset,data/processed/annotations_area_fixed/train/pexels-alena-yanovich-37077498-15024766_jpg.rf.254a2700230e5149938079c3380b7c2e.jpg,14042,4f58f723c6874935d2133b7e3be111310602c7c5cbcdc9df90010a7d0e9bf1cf
dataset,data/processed/annotations_area_fixed/train/pexels-alena-yanovich-37077498-15024841_jpg.rf.67d34ee11492e53f2d79abda24d5bc84.jpg,15285,ab14e3c234c4494bba51aee3b5a7fe257343876abb5b09dbff56954d61667189
dataset,data/processed/annotations_area_fixed/train/pexels-alexander-f-ungerer-157458816-20644150_jpg.rf.b7c46090bd3980371e9f4ad38eb15b42.jpg,32736,00bc395705810731c077ea76b9930a4a85ac0d1a28b9ac1389cf06a975945115
dataset,data/processed/annotations_area_fixed/train/pexels-alyssa-7455434_jpg.rf.4ab4b3856e03f5b6b7fd2a3b6580f050.jpg,15369,5d377d4622be978c65c189c7c55c38abda02edcd9102a371cadccd0235ab64d5
dataset,data/processed/annotations_area_fixed/train/pexels-ameliacui-11177843_jpg.rf.7cd5d64065b41fec223bdccd503b0886.jpg,23557,d4ca806afd95e629ce15831fc1a96e3a568b19f4f5ccca8e244d70429e469f03
dataset,data/processed/annotations_area_fixed/train/pexels-ameliacui-30434901_jpg.rf.1abe9b77b8145854529dded8f327acd6.jpg,22725,62c7b5f434f964a9eb2355967cea19af6622f2946121ab3f2d454c79851f1bd4
dataset,data/processed/annotations_area_fixed/train/pexels-ameliacui-36991135_jpg.rf.551f5013a5eb29e6a88d29797d764f27.jpg,17909,661b9379721cb47952b0eada8ad9f701c4939a9598395b97191bcce1b7c52ac6
dataset,data/processed/annotations_area_fixed/train/pexels-ameliacui-37007000_jpg.rf.38d5702ea523dc52ca90986b4a202db7.jpg,24425,0f11d9aba3b3eb9b36d732e6d060bada41a786b3d7a7bfe9889bd2e5e69179db
dataset,data/processed/annotations_area_fixed/train/pexels-ameliacui-37007001_jpg.rf.4a6e851189c99f798a70eb71cf07c59c.jpg,28109,0ee86bdb1460ff84581b7f542b1dc8540fd3bb5da7b114cafb377b86e9819d86
dataset,data/processed/annotations_area_fixed/train/pexels-ameliacui-4341924_jpg.rf.b3f5ed01af57ad8f2c441eeb271001e5.jpg,16443,671ee910a2be785705d50c67aba3d2cb7ec61083ad9fea74a6e314190bd0dc52
dataset,data/processed/annotations_area_fixed/train/pexels-ana-vieira-1110685065-26836914_jpg.rf.d81d7852692c5f57a63c760b233a688e.jpg,34762,b2a1f9af39f2cc8ee7bccc85d440e6874b630344efbaa4acca9931bd3e4e55c9
dataset,data/processed/annotations_area_fixed/train/pexels-andreadevillier-35531484_jpg.rf.fff5e2593b1f000640e9309b8dce4600.jpg,24337,0b1a3b530a7c6db73013ef2014eb4002d33538d4656acd2f0721873d68185b0c
dataset,data/processed/annotations_area_fixed/train/pexels-andreadevillier-35531485_jpg.rf.03040779912a87d949fa26e5206f5563.jpg,22572,56a919a664042f3658921dc56e4d462c0a77d0509e1702ea64d9e9c6b53096d3
dataset,data/processed/annotations_area_fixed/train/pexels-andreadevillier-35531487_jpg.rf.9fa7ce0cd92d0227f39f58b9899e834b.jpg,24845,24ccf87f208e0b1ad6ffbbeaf82fb51d69bb87c2bd77d66013a91713e6582626
dataset,data/processed/annotations_area_fixed/train/pexels-andreadevillier-35531488_jpg.rf.103ce6c7b180e969e04f7493f50967c9.jpg,27033,f72d74b49fa873bfac80caa381730553c601ff47a2b95829ef74cc21a0d61cb7
dataset,data/processed/annotations_area_fixed/train/pexels-andreadevillier-35531489_jpg.rf.b536c7413819cf1bf0bf5ac9a317db54.jpg,22793,6132d281496e860d0ab3e062ab733eb2804a8751ea9c0e9cd12f445bb09e46f1
dataset,data/processed/annotations_area_fixed/train/pexels-andreadevillier-35531493_jpg.rf.695b58dbf92c5b6dae39acfdf30ddee1.jpg,29446,76e8ab12717421679b565022ab373d23b7d7ab0fbc05f6a2e98abe6630bb1e9a
dataset,data/processed/annotations_area_fixed/train/pexels-andreadevillier-35531494_jpg.rf.1c66c8fb340669256f96f8bc1bad965a.jpg,28988,fe98f2f355ff86cbc0965ed1effa8516ebab549605773c14e471c28e51342f0b
dataset,data/processed/annotations_area_fixed/train/pexels-andreadevillier-35531495_jpg.rf.fafda1bd37adaef13450b1e19ceb4127.jpg,24718,031a7772085c665667892793fa2433f70b68d0eb3f5f83cafcf10121d2478ec8
dataset,data/processed/annotations_area_fixed/train/pexels-andromeda99-36106356_jpg.rf.a19f0b4d74b79487af91de6fa62fabaf.jpg,24729,06d8e3aa31bc79a8300a9b3f9a7b9e34bf01bf9fe012098fd71fdd815bb4690c
dataset,data/processed/annotations_area_fixed/train/pexels-andy-lee-222330306-12515170_jpg.rf.257cf77d81016f49b41182e422dcfb0e.jpg,29758,7e99a314897f6d0f1facc7e9bdc3c53856e791193a7d324b1138923719ae9483
dataset,data/processed/annotations_area_fixed/train/pexels-andy-lee-222330306-34656598_jpg.rf.86a15a69a26c0771907b54a4e401ab35.jpg,14858,a4441481bc424b58e08b2e28e7f619a68ef16443b42973484d747c73b3be2cdb
dataset,data/processed/annotations_area_fixed/train/pexels-andy-lee-222330306-34656603_jpg.rf.8b2c559ae9f1614e004b07670b76d19b.jpg,15329,7862e9e64120778e7ac919e93ad8540f61ac991e374174f33d90c3a0858f5709
dataset,data/processed/annotations_area_fixed/train/pexels-andy-lee-222330306-34656608_jpg.rf.8d31d9f47eba9f73c4a229360f4fa21a.jpg,14534,6d70df67f40c0f7036f732f0714afe2a9475e159f6e949f5936cd3f1bf3b1dde
dataset,data/processed/annotations_area_fixed/train/pexels-andy-lee-222330306-35678145_jpg.rf.6b29f6c98baa8fcf6f69268f7e5aeeb9.jpg,40918,45d432295c6eaf1a1d559bd0b8a425045ca3032ecfd7d12ee1af21799fad4664
dataset,data/processed/annotations_area_fixed/train/pexels-andy-lee-222330306-35747500_jpg.rf.56d4bd7c6f0a60278bd0b9497c77c6a1.jpg,26147,e7cf90192e4e5625b063ae72a1477c84a9efdb0efb6f2f9f4a6cb01d4cd79d32
dataset,data/processed/annotations_area_fixed/train/pexels-anold-ann-shaji-2161846450-38070785_jpg.rf.53c3b92025feb3ca33ab11e8dcab6be0.jpg,27877,bf70ed183baf7a0789e52b50ad4fb22aa84b8027e2f89f57d6c31f1126998741
dataset,data/processed/annotations_area_fixed/train/pexels-aomata-29685456_jpg.rf.5f90cac0318c1657bf39554150a31ad9.jpg,19631,95cda118dcdd830b4d103eb2fbd6339d821633836066ebe9d2839cd5d732af89
dataset,data/processed/annotations_area_fixed/train/pexels-ayu-deasy-31981082-36565677_jpg.rf.537406cee0d3d5ea094785b7e23ddbc2.jpg,23252,7f1fbdecdb6b51d5d154230e0cf061543f0236d3b32f412872ff5292a2220b98
dataset,data/processed/annotations_area_fixed/train/pexels-bagus-prabangkara-2151566592-39510309_jpg.rf.34f1845de0fb68f61e403af09279210d.jpg,24528,ea81315b90d449af4680d1e18ce95c3764666181a16d373988228a18c70fdca3
dataset,data/processed/annotations_area_fixed/train/pexels-ben-ben-3388824-15659742_jpg.rf.0bf97a6a0dd55eae5ad0ebce33ff03c5.jpg,24390,847f84c3b1934b8700a3cd8816b364d08cbdd8c2d062791a2b5e2392a7c246ba
dataset,data/processed/annotations_area_fixed/train/pexels-bruno-henrique-1595599448-29617578_jpg.rf.3047a15094dea0f0c6dddf3809ac050e.jpg,22748,20b510210f35b1ea8496b22605471564666820b2d870b28fea96abbbf06086f9
dataset,data/processed/annotations_area_fixed/train/pexels-charldurand-6491612_jpg.rf.913c16cea48ffd70b5e9720ac14dedb1.jpg,30343,ce22ab629540ea46d397fcd290157ac6d31f1ce0cdaa2f34f59aa0b3f7bad1cd
dataset,data/processed/annotations_area_fixed/train/pexels-chente8888-9949214_jpg.rf.1facffa4d38f3ae51fab9b20ce053cde.jpg,28324,a0a5826ce2117dbd92659b4c53c8ea9655cd2b66f0cdf41eaefa5fc47c5e2f9c
dataset,data/processed/annotations_area_fixed/train/pexels-chiaroscuro-154214185-27028233_jpg.rf.49a947702e82b6aa4365ecb622ff5d2a.jpg,46534,a84faa6dc4718065be0d8866924da97739c3e5e907c8a73838509357963cbf3f
dataset,data/processed/annotations_area_fixed/train/pexels-damir-16004659_jpg.rf.43d0e7d1c3acf21eb871209806754b66.jpg,20504,caf09e4b8d784ff607812ae22c46016d46bc65fe59c3d0c66f593d70ff347ea6
dataset,data/processed/annotations_area_fixed/train/pexels-damir-16143877_jpg.rf.3c2ffa46b9d2dc4f16eb2e6829379ee2.jpg,24076,a45f1e2b57261477a4839842020f37151cb4f26817ed8ad069c9280c271229ee
dataset,data/processed/annotations_area_fixed/train/pexels-damir-16237822_jpg.rf.c364646496942de3ff6e32f121c2a5bc.jpg,25140,6d59801d47b759db920f6b04290409107f5def94c3830246056611da4cd80c9e
dataset,data/processed/annotations_area_fixed/train/pexels-detlef-bukowski-155334106-10981119_jpg.rf.68435378ad89897537844fe7a2d3fa2e.jpg,17752,9e129bb9d046e2342928b13ddd55f55ae15041b2d876f0fb1627962e65ba8d0b
dataset,data/processed/annotations_area_fixed/train/pexels-di-lai-567499892-31467444_jpg.rf.a36a661fdeb4577435108cb74cf6556d.jpg,10851,06da102524b5a79cb76102291d362d95258d267ccc3a5f504c07d940e3e15add
dataset,data/processed/annotations_area_fixed/train/pexels-didsss-35382698_jpg.rf.f79777c81f9b6fe3ad63b7db2b23cdfe.jpg,24297,0e0a666fa1cf25622805755b5adea9396d9915e9d317c2a3ffe44b1023cb0cc8
dataset,data/processed/annotations_area_fixed/train/pexels-didsss-35908788_jpg.rf.1c112c2ab1c506fd434da7caf28c83f7.jpg,34561,56ffccb3ccf680401c7c32d718d84b0c20c4bac5562e82ddd0bd92df88d61221
dataset,data/processed/annotations_area_fixed/train/pexels-dresden-benke-1963297600-29409522_jpg.rf.000b8b8320e2e16b5f5c2b8282be8e50.jpg,27243,81493ecde865c2cff0377c9824f018e74f246054bd46c41ae4b0dbf645ac1ec1
dataset,data/processed/annotations_area_fixed/train/pexels-duy-s-house-of-photo-2150454349-35104418_jpg.rf.0b667730ba2bd18f5d60daa15fa4bf4e.jpg,25599,abf6d15cf373554810687c830d96999d1f26b8ce0b666fd0fdbd971220ab4278
dataset,data/processed/annotations_area_fixed/train/pexels-elena-umyskova-149061397-10618129_jpg.rf.f17d2ba49687317e72bea6b1c498d5b0.jpg,25952,05b104e5084020f2b86b2654c115b95c0742e2a989ac7b4a9b910092c6ff725c
dataset,data/processed/annotations_area_fixed/train/pexels-eleonora-sky-3280875-6477994_jpg.rf.dc01050f5620d6d545b97645bd2cd79d.jpg,41144,388f4b793acd857812be30e4e663be265238247d8e8638186959fe68821ec860
dataset,data/processed/annotations_area_fixed/train/pexels-elizaveta-mitenkova-123876428-11577666_jpg.rf.94f6710a31801ac29f1d4c9f4700468e.jpg,31409,c90846620657052e5e0f7bc964130177ddccd99ed77600654a4c802def33f2d6
dataset,data/processed/annotations_area_fixed/train/pexels-emil-mondoa-263454552-12701202_jpg.rf.4d6722b6aa10855fb2af5c70793f00e0.jpg,34745,a72550bed7a71a3d377197c50510f416ba4a6b43246fd0e22ba605f20e9632e5
dataset,data/processed/annotations_area_fixed/train/pexels-esrakorkmaz-25189482_jpg.rf.a7cd6e672b2fae155e4198523fc86057.jpg,19890,71097c137f5eb7ba57e91e935594af313b490caccce3bf3ec13a3d280a135e26
dataset,data/processed/annotations_area_fixed/train/pexels-essow-k-251295-1104677_jpg.rf.d2c48411ba5b07a5659812e039d6aea2.jpg,15135,7ca2f242ab4b5a86717c2d65b9a1da8e16914822f3fda53d7b1af4c227b7fd46
dataset,data/processed/annotations_area_fixed/train/pexels-esteban-carriazo-2153373740-33057985_jpg.rf.36a5d5e4a9d70264fcfb2dabe51c410f.jpg,20567,f6296e84a4b87b06b9e2f53364323c28b9a1eb600e939273692b605e1f58b5a1
dataset,data/processed/annotations_area_fixed/train/pexels-esteban-carriazo-2153373740-33057989_jpg.rf.02c0e6b70399f120914640736c8f76d8.jpg,25824,67d3b20f3f022f56c63fb062b313f6e89cf685bb793098753f7c3737eeb5e45b
dataset,data/processed/annotations_area_fixed/train/pexels-griselda-belba-173739063-33841522_jpg.rf.43f2dfd7716417fc5d40a5a350d5ecfd.jpg,25839,ec429f73c1bd7c37fe9e284a9eae5ea098611ad7fefd6f9260d8bbec2fb7afa0
dataset,data/processed/annotations_area_fixed/train/pexels-haticekesnik-31874237_jpg.rf.4fb46a864721087ba8c1634a7c26bf08.jpg,21646,0459e1e431c274046ef225f1987de730c3a3f0b55b122e1ace24bcdfdb315778
dataset,data/processed/annotations_area_fixed/train/pexels-hieu-1038003_jpg.rf.3353dd2a0df68bba39b2797fd45ab02b.jpg,17538,d1fee35c0bb5686325de6bd24692172be2b6e43560786ce7ef75bb234c09911d
dataset,data/processed/annotations_area_fixed/train/pexels-ivan-drazic-20457695-32092640_jpg.rf.65cbffaf02b5f5b5d1e5ba00aaca0a9c.jpg,27746,a6095b50697fabd824cc22e9506bb0b1df2e978abd7dd644c0b6cb9e5f2579c7
dataset,data/processed/annotations_area_fixed/train/pexels-japy-20285400_jpg.rf.3dc5aa8c707b86e32b73ef6e2afdd36c.jpg,43596,01f9c3f6d003ae402d4ef7cac14848512a3d5bc2d8277908620fdc018d0e7b9f
dataset,data/processed/annotations_area_fixed/train/pexels-jayce-q-132128526-36479802_jpg.rf.d8c2919dcddb003fd0c06d534b35a8a5.jpg,31614,83cc540b8254acb15aca97829129954cd5c5638bf0dbcd476208dc6d1d004727
dataset,data/processed/annotations_area_fixed/train/pexels-julia-barrantes-89384909-15075323_jpg.rf.48022e340a89f79fc3bf7a463f684943.jpg,26941,011d49b7f1c41c9ddc7c1851eb13135df65bf1f02c50379ab44140406dd16439
dataset,data/processed/annotations_area_fixed/train/pexels-karola-g2-5646_jpg.rf.f1656b1235a0a3b44f6cba0b83d65f1c.jpg,21056,a527cf1578c5561d9c5ad589307293dcca01c6870835c89d303ce9276e587ee1
dataset,data/processed/annotations_area_fixed/train/pexels-katie-johnstone-48863729-8208144_jpg.rf.801d940fbe8fc91a3a45f565b08f8ed8.jpg,25051,84173844c99f9201ccf30e4525788d00e0353ccfe29ce40d137dcdc5de6b06c5
dataset,data/processed/annotations_area_fixed/train/pexels-king-32506963_jpg.rf.0d994386648b5b2d8d8bcb8b1c6749d0.jpg,23713,02f1d5413f77c3cc551c9f05f58b1a336d485fa13bee584375720df83dcc758a
dataset,data/processed/annotations_area_fixed/train/pexels-koprivakart-11577347_jpg.rf.41f3e795327e04fd5d506968d8f5c989.jpg,17019,ce2cd70d890cf7eaa8a461c0db5f472a452def3cc29d9ba2d6971a73fa42db92
dataset,data/processed/annotations_area_fixed/train/pexels-kuba-macioszek-2387091-6737187_jpg.rf.28948eb5cba51acdfd2a28ee93c6b33a.jpg,18781,6f03248df092aec90e089844c4f494e5f539e35bcf979fbfb8494723684111eb
dataset,data/processed/annotations_area_fixed/train/pexels-lu62-13122518_jpg.rf.075a6a05bc3ab0b06f2fc7c170c58edf.jpg,35408,4d5568633608000ae38cc820da303b4128fab9bc2811d01a0f26e9d4aa38176e
dataset,data/processed/annotations_area_fixed/train/pexels-lucas-dalamarta-823750442-30718863_jpg.rf.32e71a1c7c319142bceb3dcc61672920.jpg,20976,fc765ce2c216bf2131dda4b147dd3a647f5471b66bad7d1ef1aba3a566cf8b7a
dataset,data/processed/annotations_area_fixed/train/pexels-lucaspezeta-35739272_jpg.rf.fc0058069e582be9e89b8d73cd4ecc6f.jpg,25624,b5cdf9e4779e67b7993a1000685993f78eed792a4421805c69c8330ef4e7270f
dataset,data/processed/annotations_area_fixed/train/pexels-ludmila-padnevici-129684857-31645811_jpg.rf.d066ff22a3b92a9b3088c02f3a7babb7.jpg,26869,c73c2d176a94aa04adfb07a7ec4aa7915b017fc3b5cc46b49406e577c15583e7
dataset,data/processed/annotations_area_fixed/train/pexels-luri-37656852_jpg.rf.ff1d7c7f7979e79fb49aab7b83f0e1c8.jpg,18600,7c74021a9068371a5d957530ca463c6cc365ffe3c37303619ee63a5b01854372
dataset,data/processed/annotations_area_fixed/train/pexels-manon-thvnd-40702295-15816013_jpg.rf.1ef9633dccf91db1784204387a4c9573.jpg,30099,336c3002b93c1a955d800b7145f6317291a3a199a395869ec57a17f2976ad6ee
dataset,data/processed/annotations_area_fixed/train/pexels-maqi-mahe-3755580-6099132_jpg.rf.9d647f6eac9934a7a789e47de93ebfa9.jpg,16212,54731f846f2589dff2dbe52c47ec7af520363b8e00db3c7dc1d3c40f4882e66b
dataset,data/processed/annotations_area_fixed/train/pexels-marcelo-joaquim-3414006-5695687_jpg.rf.da2d1b14a3916ff894e0d7e6e680f6ab.jpg,23913,ae631c30d61c99e25f78f5c81b07e9633eae18534f65c2798cecb60b3c1cbe72
dataset,data/processed/annotations_area_fixed/train/pexels-marcelo-joaquim-3414006-6152961_jpg.rf.473d2efe96f9fbfe373523b8654c8578.jpg,23571,3cddee0cd3948fc8615d430dd112e240dce8b3e1a8223035fa9656e371544de1
dataset,data/processed/annotations_area_fixed/train/pexels-marcin-manka-2148441138-36273657_jpg.rf.cf59f0d4c46fbf65e320aaea07f74ef3.jpg,30108,1e7026e876e7a5faf67cacbcb3d5029c02fa599f02b3d9d569fa600c056bc05c
dataset,data/processed/annotations_area_fixed/train/pexels-marcin-manka-2148441138-36273679_jpg.rf.b28bedee5bdf5fe6ba450abc02d31fd9.jpg,32076,cb37833169bcd5bf5bfc11483f01c69a41aa85831ad662141e3078f1ccb52cac
dataset,data/processed/annotations_area_fixed/train/pexels-maurizio-catalucci-1869702690-28664636_jpg.rf.74f6ccefd0b9392145f5c1e6a58b628e.jpg,17935,d78593028dd02170de84c2df6cc6667b390aa83e1fb378b429724d709ce86b99
dataset,data/processed/annotations_area_fixed/train/pexels-messalaciulla-9524232_jpg.rf.d7c9a76960bb11d3a101e81a3ecd0261.jpg,25404,d8babcba84dd295e53f99806ecb349b259e96a31c1a86846215d853682e30928
dataset,data/processed/annotations_area_fixed/train/pexels-michael-waddle-1019947-33117344_jpg.rf.c47e8c8978af8f1f38123dfdb6f714bd.jpg,34758,492b099b00dd70c7654a9fa992ca783c716c57b1e140a72ea8cb3a30c62152c1
dataset,data/processed/annotations_area_fixed/train/pexels-mikhaelmayim-33908911_jpg.rf.70a141b5804a71e114597415631a2dba.jpg,24043,fc9f967a801cc2791f7b7c04f1edba2f96ec549a1eb86c7d7e09290d1b663628
dataset,data/processed/annotations_area_fixed/train/pexels-mirrkoo-30313205_jpg.rf.068c5ba52ffe2e1bcb45f598b7246ce2.jpg,29320,046ab8a2ec374007b821ad0ea2c2aa80650fbd5d27a4a68a6b33dc86687ac348
dataset,data/processed/annotations_area_fixed/train/pexels-natalie-bond-320378-15031878_jpg.rf.63dc4cd65e50eefe9065e288b05910f0.jpg,12828,63e7bd0552861d42731bfe9472037ac62e38d33bd940c9c6217ce9470bcd1d19
dataset,data/processed/annotations_area_fixed/train/pexels-natalie-bond-320378-15031883_jpg.rf.1967094f00631be8af542eb2d19caf2a.jpg,13828,5b8bb91f1033ec370252b9e95720a7b07da129baf868a600265134a2db825fc6
dataset,data/processed/annotations_area_fixed/train/pexels-natalie-bond-320378-15031884_jpg.rf.abd693e8e38970ee344eae5c2f2ea9e3.jpg,15291,064727befb153782d47dc300259adc4c1b0996fc9ce3fa732ca307e388306984
dataset,data/processed/annotations_area_fixed/train/pexels-netorpg-7062962_jpg.rf.812f1b05e0488a31ae4a4540773d82b6.jpg,37391,fda9c7407c2f33571d63ab3361f950c5865f981bc156aa5dfec477706edc503b
dataset,data/processed/annotations_area_fixed/train/pexels-nguy-n-ti-n-th-nh-2150376175-31520926_jpg.rf.cc3b9b3c53e641e8080fd4aac24d50cb.jpg,40230,a7f9f9dfd9e351de653447dcb8032c318632308e22e39d4070ae5705ff9c29f4
dataset,data/processed/annotations_area_fixed/train/pexels-nowrin-sanjana-2159843098-38580559_jpg.rf.13d88d9225029ebb81178a3926867293.jpg,25528,b1a9c28eb6d29d35203ba006f2cb148b23a0af0d64b0ef16a0832d568348c846
dataset,data/processed/annotations_area_fixed/train/pexels-nurnisem-34207052_jpg.rf.9f2bb707513d2f8a091506be7792ff98.jpg,35335,539598004f0a4fdfd7093eb331ed5af123bade65de19209402945f323fca95b2
dataset,data/processed/annotations_area_fixed/train/pexels-palomalimafotos-37606382_jpg.rf.c8fd07c7c37898a35184b959f5a4bde6.jpg,46726,e660ffdb50379a2b71fc8a620bbf7f6e9fe487beb656a4f5b050a7342a12508c
dataset,data/processed/annotations_area_fixed/train/pexels-pille-kirsi-222198-763867_jpg.rf.e9ef9bfa73131c8a9091a99f04a71004.jpg,16765,94e437c064a8b5e7ce207655029972566c9bfaf110eae04c86c1c2963971c026
dataset,data/processed/annotations_area_fixed/train/pexels-piotrbaranowski-37879655_jpg.rf.be5babebdef06e8ab5807926f4b1b8ed.jpg,29202,bfc240fe57b9624f36be739347461e2117af06884cbc0c25e0996ba9812c89da
dataset,data/processed/annotations_area_fixed/train/pexels-realcereal-15398170_jpg.rf.778337b913d9c0f365d0c44c8e7d3576.jpg,26654,7706e13d3531a9bdfcafc9eb9bf55da238d708e1e3fc3fcdbf884162c1dd1b81
dataset,data/processed/annotations_area_fixed/train/pexels-realcereal-15398182_jpg.rf.fc33bbf694ac7cbe31b87d803027749c.jpg,26979,e5c69c649e48e7f7c3b355beb443b462cdd3753f1ae4595772c621becef9c395
dataset,data/processed/annotations_area_fixed/train/pexels-realcereal-15413508_jpg.rf.11577e2f6941f13b254952eb6fa0353f.jpg,25280,50e03fbf71fcbd9230339cf71fc51b2b04d8121590ad579e86b0be054ac454b6
dataset,data/processed/annotations_area_fixed/train/pexels-realcereal-15413516_jpg.rf.bae7b2387e1280f502a7f6af06a91f7a.jpg,28643,a6bcaf5777b64e18264df5de47960cad8509e328f69c11c5cb46725db8b67643
dataset,data/processed/annotations_area_fixed/train/pexels-realcereal-15413531_jpg.rf.3305fb1e1b134c3dce00e389384f70c8.jpg,24808,233e37c4d3d40720664cc919bea4b1eedd948dbd2b234d633be5a00ac4e64170
dataset,data/processed/annotations_area_fixed/train/pexels-realcereal-15413549_jpg.rf.34695290672d349879978e08ee255618.jpg,27381,3f562ea53a06c84265ca25a762674f1b193940b3c091036d743e91705c7f8439
dataset,data/processed/annotations_area_fixed/train/pexels-robin-31106195_jpg.rf.ca98f7e3934d537651bcc073f1898cd1.jpg,12567,b404d822c35317dc4deabc4013ec5d747e10e2cc68b3c0214305a6eadc6d98c0
dataset,data/processed/annotations_area_fixed/train/pexels-rodolphe-asensi-1884149264-28698812_jpg.rf.563ca4847880ecbbc17ab70fd1e2928c.jpg,46528,545488cb03b8fca83319580c3c23a24c767be9a5e25d5f551a21683e05076044
dataset,data/processed/annotations_area_fixed/train/pexels-rodolphe-asensi-1884149264-30755486_jpg.rf.6f3c8770e49361d188df7b194717f54e.jpg,34786,52162e0e941287166ba6c5254889ecc34897e41b8f72cd74b62c16adac3fe320
dataset,data/processed/annotations_area_fixed/train/pexels-rodolphe-asensi-1884149264-30755499_jpg.rf.36725ac4f6dddd41157f2f6b1765a53d.jpg,30433,c25a03f497a3a2009e462a8b7327c76086f7c0e941c291f1f169f4dddc1b1d9d
dataset,data/processed/annotations_area_fixed/train/pexels-rrodriguesim-16872911_jpg.rf.5b833b4b71161e09de5a40eeae88b1b5.jpg,21265,4fc3bcead1374708970c52ff7822d5abbb9814be47e1e74ec078bc428fd2ae48
dataset,data/processed/annotations_area_fixed/train/pexels-sandor-331921-5030458_jpg.rf.a3de41ef532a354b6ee974527c48cade.jpg,15868,cad006c02d6341b262e3cbddd8980560714921d5c25f1514765fa80918eb001e
dataset,data/processed/annotations_area_fixed/train/pexels-saraofree-31485879_jpg.rf.54fb232175743f86693e63458b86b337.jpg,38028,74731d9438583f21c6049f34413326e24b494b1f54ae85ecf4364d60d9013d22
dataset,data/processed/annotations_area_fixed/train/pexels-slava-11761981_jpg.rf.6199039ed6d2e0fea38666b7b1d91fe7.jpg,17470,f948c1d6ec1d6e87b4079e53ea857ef7dcea8e2da08fd6e39c8961cf8ae93263
dataset,data/processed/annotations_area_fixed/train/pexels-soldiervip-30349354_jpg.rf.20d0b065ed2b99ac4137c2a042431b49.jpg,29581,0a51e895f9d5d52774bb6060612fe69131d245c880bd48cccbbdb6738216b268
dataset,data/processed/annotations_area_fixed/train/pexels-soldiervip-30349360_jpg.rf.46942ab805eb29a6d9a1203b1f0605b6.jpg,21519,2850f05608a54f7f6babc87767d0c745796adad0388013fe52099aee9f633231
dataset,data/processed/annotations_area_fixed/train/pexels-soldiervip-30349388_jpg.rf.6ea9c750e3ca74f343e489c1f8f7dec2.jpg,21937,3b76728e1acbe88e504a4db0bf252810c244633c26f71b8a8bff3fc8808f1fbc
dataset,data/processed/annotations_area_fixed/train/pexels-suki-lee-110686949-19838583_jpg.rf.eb02a552a25866b3df3e31276d135f8f.jpg,31224,e3b0a7a6b8e79d136ad96e95b868f93b06a19101cc69cbe94b3137233958e965
dataset,data/processed/annotations_area_fixed/train/pexels-suki-lee-110686949-30156522_jpg.rf.e17fedc4dbd4535ee53c2ac9d741e58c.jpg,34513,9b10e5a5803da12cd1bf94bec122d77556b94c911846aa33061276492f0f8a20
dataset,data/processed/annotations_area_fixed/train/pexels-tam-le-1175048813-32754604_jpg.rf.b53c599f453cdbe5bb2c331c91e16a19.jpg,18756,e89ae47f5ad524df7143c3656e41530fa2a3ae6a8290fc7419f82ee131424921
dataset,data/processed/annotations_area_fixed/train/pexels-teresa-wang-2156262362-34782676_jpg.rf.2fc46f793fc503983e0735a1c6303d95.jpg,37879,7ac04a1ee009b54e097fc49414aa616a2b2f5b37fe81d8c5a1d816983e1eb471
dataset,data/processed/annotations_area_fixed/train/pexels-timmossholder-7627355_jpg.rf.7562f1e8ea6c87429cad9216b9677827.jpg,24782,8e1c52fa43a947245e3082fa0db9e36517280cd03e32fc5cf7f7d5cdbfccae2e
dataset,data/processed/annotations_area_fixed/train/pexels-timmossholder-7627357_jpg.rf.dadad963e496c4e31e4e17e1a5ca0cf0.jpg,23637,2911dd9b031a72d8e6f8d581dd31dd05dc94f92c2a63483a4cebc596432fcc71
dataset,data/processed/annotations_area_fixed/train/pexels-timmossholder-7627358_jpg.rf.5f41750cdf3cc75ed0f1c74c6b95b962.jpg,26533,60fb45b0c27fbd348cb9b3a052b4823b3eef9f2df792552107dc3063214ebe6f
dataset,data/processed/annotations_area_fixed/train/pexels-tugba-30986829_jpg.rf.61d451411a7eef15b2eb912552ee7c92.jpg,20305,5ae5e1b6309a97ac0c738b4734d6574181a71e9da502eec7bbcaa1c03158043d
dataset,data/processed/annotations_area_fixed/train/pexels-v1nhdotcom-36814401_jpg.rf.8f864134f86eb34a8b9f7fa858380092.jpg,26669,8ba1346b61b5df7383d8453eaf5bcb09403ed17f01ea8c15b33d770eefce31d4
dataset,data/processed/annotations_area_fixed/train/pexels-vagner-pinheiro-carmo-1678732589-35160951_jpg.rf.5d950dc5ab3d8394ac85e3f10b6556b4.jpg,24441,13594de12d5c8a14c8cd5ad3e68389889ea6171ac05aecac74427ccf1e277174
dataset,data/processed/annotations_area_fixed/train/pexels-victorcandiani-6135007_jpg.rf.1f9102d51b6d8cc1be93ec632520bf9c.jpg,12707,db71b2c39898610c11d0ce5e313ce6aaa2f819be97564bdcd2bd0a57e3658a51
dataset,data/processed/annotations_area_fixed/train/pexels-vinaug-5735627_jpg.rf.7eef0fc1d47603f6f8febcc16aebe0a4.jpg,22067,203d0af31109cdddede077cc66511c5bb49318b96d44505efbe3085f5458f9a6
dataset,data/processed/annotations_area_fixed/train/pexels-wijs-wise-136435282-12495673_jpg.rf.c7cdbfaa2a7d01354eb95ffb3bd2007f.jpg,17635,9a047f2f13c4da0ce6d47095b06dbdc2698b379d260b78bb83f1aea4281d6d59
dataset,data/processed/annotations_area_fixed/train/pexels-william-zali-7863870-33913130_jpg.rf.0b663e18ce4aa9a13de27d36eb2b0d31.jpg,33139,a553db9806f1bc940a7fb8624daa96ff4cc6e06ab77479b7f59eb489864acb42
dataset,data/processed/annotations_area_fixed/train/pexels-wonderofhisworld-37651520_jpg.rf.0d1616c2055031b64f9cebef8ec3c22a.jpg,23994,f585145ad7c9c629ada3edda34745e7da7b46a9379fe7a80cc96861bbb1d7a84
dataset,data/processed/annotations_area_fixed/train/pexels-wonderofhisworld-38345423_jpg.rf.00e03e11f8595f091f1b45ae3d977328.jpg,24002,f8703b079e6edae3795636d32fa995cb5b5c4e4af50d6e58257253016d9dcd2a
dataset,data/processed/annotations_area_fixed/train/vertical-shot-coffee-put-flower-windowsill_jpg.rf.592ca340249ad98adf0417ace69ad6ac.jpg,27424,2614ebab74a034bf9cebafa8c29e0f3a4cda909d55583fff7fc2dc7c4953ced1
dataset,data/processed/annotations_area_fixed/train/woman-decorating-her-house-with-orchids_jpg.rf.5607fa2879aed7c069fdde8009ed161f.jpg,25710,dc6422a654eb4b69a76753a92c40fc72651b40c06f6e85802b3c500ee1e81650
dataset,data/processed/annotations_area_fixed/valid/_annotations.coco.json,581545,bd5cb055f40eb27518723636ae2f0a389e6b7476c6c6bc43a47d6fd82839cdb5
dataset,data/processed/annotations_area_fixed/valid/istockphoto-1148473666-1024x1024_jpg.rf.ee41397bea5c94b289bc0bf5e321a13b.jpg,17367,d699db7f40acf5f35f89c5033b609ff142adc2c276fef0e051669576e5c3cce8
dataset,data/processed/annotations_area_fixed/valid/istockphoto-1190898692-1024x1024_jpg.rf.fb72bcb73a7667f53ef1eeaae0dbbe0c.jpg,24181,7ef65a0b8aac0cf68654e8ccfeb7f7b93cc6c641759609b59c9cf6a08785d45f
dataset,data/processed/annotations_area_fixed/valid/istockphoto-1338744517-1024x1024_jpg.rf.a0f3ec5915f81a2a896cbd73a632748d.jpg,17421,f5e9b019bbf183395dfab5fc30ae1c6d34eb1d41cf4d50c0349749bd092066ef
dataset,data/processed/annotations_area_fixed/valid/istockphoto-1352911272-1024x1024_jpg.rf.b53d8d340e0095ce225556baa0a9a0f5.jpg,14699,093ce33786a523f458c3529c2fb5d453cee3fc2872ae234a2a8467c7a4bed8c7
dataset,data/processed/annotations_area_fixed/valid/istockphoto-1367369225-1024x1024_jpg.rf.7a54e78faa51b3ac47eaeeefed69f618.jpg,13644,90f19c799f9bf2f8446834cba30e7d1600d4f9dbe905c374e096543c0f82a12f
dataset,data/processed/annotations_area_fixed/valid/istockphoto-1401498494-1024x1024_jpg.rf.1bb725450e6b7191aaf97968580b0cb6.jpg,17641,8275aafcd330049a22d0fa6a955d392fbcfb9a2d49a0dd3c7776dc463bc0b112
dataset,data/processed/annotations_area_fixed/valid/istockphoto-1415636561-1024x1024_jpg.rf.ffa1238dec4016b2f755eccd6c580923.jpg,15622,9144b05ed45949afbcb0c366a732281ed9464345990488e4e43e0428f8219428
dataset,data/processed/annotations_area_fixed/valid/istockphoto-1456854022-1024x1024_jpg.rf.821c07f0ea75e18de90bc59008b62118.jpg,32224,131c4b8ffb0f7149b948cfd5c36190b38661d03933eafa025adb2bd2dff3f183
dataset,data/processed/annotations_area_fixed/valid/istockphoto-153519909-1024x1024_jpg.rf.c43deb1f8dd42e9247f89641d12d732d.jpg,21178,37883281bba5f586b613089062feb987b7fc5b46c73a57824d8c3dc5ecc7b62a
dataset,data/processed/annotations_area_fixed/valid/istockphoto-172730111-1024x1024_jpg.rf.b542a04607de1877f0d929ed32d4202f.jpg,21218,07cfc279aa1c828b09b974b98b357b0b772d4fd6983f865a4467c024d76c1f15
dataset,data/processed/annotations_area_fixed/valid/istockphoto-179222353-1024x1024_jpg.rf.81b1ffa6434056f410bd2b174be90d3d.jpg,22331,c93edde26150871e2495846b6f47c78a183063dac4efcd60aa365e852623a7f6
dataset,data/processed/annotations_area_fixed/valid/istockphoto-2080536738-1024x1024_jpg.rf.f9e365f3991e04f74104178f941b9521.jpg,13539,34ef64b87efbea4ccaf2722d1916feee7d0192fb2c4dbefc35f1f9d71ac91e8b
dataset,data/processed/annotations_area_fixed/valid/istockphoto-2154854420-1024x1024_jpg.rf.9f5c6eb1e2de37d7d5d982d226838113.jpg,17565,ea15b38253b54b0d350a64eb8248ea453f2a95743efac79af984f65f8638f034
dataset,data/processed/annotations_area_fixed/valid/istockphoto-2174172715-1024x1024_jpg.rf.c2a483d2c20c104c6fb592403d947cae.jpg,20452,b6dba46b547828805983c1ab7c980faa9caf8f593fcd04b8762d3db0ed876f9e
dataset,data/processed/annotations_area_fixed/valid/istockphoto-2206500922-1024x1024_jpg.rf.25b0e1a0b6a7795080875fffdca270b4.jpg,23152,3560575d3faa93c8484d386e8693dab62d8a4526b2a47aa36cccf06787fe07d5
dataset,data/processed/annotations_area_fixed/valid/istockphoto-2206500932-1024x1024_jpg.rf.2695871e909cc412e4026d53c70d7a3a.jpg,22178,7caf6cbbe269a86574b6988dc078c1d1f868a75fae00ab93c70a279c130be8a7
dataset,data/processed/annotations_area_fixed/valid/istockphoto-2254358623-1024x1024_jpg.rf.82f2c216edbe97c3d38639f349fec390.jpg,15572,fb4651adb32ee13b2755b072fe552dcfe3a713e93658026d8e01adf0f2361964
dataset,data/processed/annotations_area_fixed/valid/istockphoto-2285123490-1024x1024_jpg.rf.297ee13c503133d846879b14846c39df.jpg,32571,5e9ea33dc4b2869906bd471d58ca72718c56c39981442e25c7103b5b9eb4edd0
dataset,data/processed/annotations_area_fixed/valid/istockphoto-485611785-1024x1024_jpg.rf.fc8c0c3bdd4394f7c5176cbefa092382.jpg,20440,e58a71fda5c3dd32a2b60f366d4cc9b68426ea5e5ec47a996f175975198d77c4
dataset,data/processed/annotations_area_fixed/valid/istockphoto-520944046-1024x1024_jpg.rf.c4d15ba7f611df3e1da08148c0e0dfbb.jpg,17111,337e3eb41cec3f5bad589d18bc688f2b67829e982db5712c9d1842284004c326
dataset,data/processed/annotations_area_fixed/valid/istockphoto-544474604-1024x1024_jpg.rf.1e7d462a1c6e44edcb932a9bb4c6b2d9.jpg,15183,8f5ea950213d64e904d1eac3c141815bcc6f652db3833e807a41f12ed434a355
dataset,data/processed/annotations_area_fixed/valid/istockphoto-544474660-1024x1024_jpg.rf.496a0f2b7778dc4f08f775b289c22989.jpg,15391,c0d3e0f8c49aedbe54d5aa2f6ab2a8e2731b98c1abfd2f8e9f2ad1cd60b9443b
dataset,data/processed/annotations_area_fixed/valid/istockphoto-676275680-1024x1024_jpg.rf.3d059a7382a2b7e2698e01dc1ec7af30.jpg,20034,ac064ce125fdb94ba2d6811be6cb82a95e5756257d8030e95b7bed7f781921ed
dataset,data/processed/annotations_area_fixed/valid/istockphoto-851847152-1024x1024_jpg.rf.c2617f10f7043999e25c02ed8843b023.jpg,14896,bfbd1933f764ad4170e30d5aa40c4aac4a48d7c524ebe99ebaf657cc9c7957a7
dataset,data/processed/annotations_area_fixed/valid/istockphoto-90250128-1024x1024_jpg.rf.65bab335e7c0736e6402e0d7655bb1fe.jpg,14349,c86e031640f028f6d0e4024407564f34206c7c472ea942e353d5a5a2c9e7eeaa
dataset,data/processed/annotations_area_fixed/valid/istockphoto-906726866-1024x1024_jpg.rf.5171ccde886f06962c3ce27512109d46.jpg,17351,21d1f6dfdac3ab52848b12d0f463269285ac7e373e4d9b1b85b0ea04c6355a0e
dataset,data/processed/annotations_area_fixed/valid/istockphoto-911000258-1024x1024_jpg.rf.3c629327ba1fd3eb70d1ce8b0684e265.jpg,13961,5a560207880cd6a466c774bce0e31abd43a0dd5c70b72025fb63ba40215c7e1f
dataset,data/processed/annotations_area_fixed/valid/istockphoto-942125916-1024x1024_jpg.rf.b6e7f476e4e256e21deddba2cfaeef93.jpg,21814,16662260b8a5658aefaad16fb72b80fd4db08f9d01536e5a599e9c1bd586d07a
dataset,data/processed/annotations_area_fixed/valid/istockphoto-968269964-1024x1024_jpg.rf.bdbb5e4f3c1261f06bc4284269871db6.jpg,26218,0ea1bc6043bf7bc34ddd0d545320e458b3279f0186dbd2910ce71e8746cc2c77
dataset,data/processed/annotations_area_fixed/valid/pexels-abdf-31976954_jpg.rf.b406522dcf5c32835f005ed6cab727f4.jpg,16885,4c5945de6c21cd573e61c5464469bdb0b99feb04808aed6ff72058ab173b33b6
dataset,data/processed/annotations_area_fixed/valid/pexels-andreadevillier-38874762_jpg.rf.a9a3840bf68531ce43bac7a18c1b4dc7.jpg,16714,78d2991ac875b2c2d7547714b9a2b4252788a084a67e72e885019dbb34629836
dataset,data/processed/annotations_area_fixed/valid/pexels-andromeda99-36107725_jpg.rf.8cb5c451acfd0d87d1d95a40fb3d9ec9.jpg,29915,87b920138f3e698d28ba90df71b474c29bbafebb5768e10f4aea3f344373971e
dataset,data/processed/annotations_area_fixed/valid/pexels-andromeda99-36164834_jpg.rf.0ad79e906450c8020e9ee9b3da01ca3a.jpg,35661,868d82b21e07b5cea92184f9aec63c4806c446619eec97a151a502659da12f12
dataset,data/processed/annotations_area_fixed/valid/pexels-arfel-clarc-598971-12397967_jpg.rf.24a076fd288b5957e17c10c074cd646f.jpg,32415,7003d5e0086581be3899f79f29770e20a48015ada1c7adc06579615b06573243
dataset,data/processed/annotations_area_fixed/valid/pexels-bagus-prabangkara-2151566592-37575417_jpg.rf.4e4de6681eb25eb94f7845d1c348ec76.jpg,27227,82ce28dd7e8344551b0264f24e5ae3358b62959f41c4536fff6b738db7685d90
dataset,data/processed/annotations_area_fixed/valid/pexels-christian-hembert-1081250355-35566060_jpg.rf.beeebc5b93160e335efb0d44ca757387.jpg,36116,a5d1feb53f2d21dc82891fca4b941358542f39e9683dc46e9b43932e2e316b13
dataset,data/processed/annotations_area_fixed/valid/pexels-corneliu-stefan-esanu-464800618-15719384_jpg.rf.4cc306b7f79d113b2406929f51b4a9d6.jpg,25417,6e34318b0cfe068cdb174e0e16bbe6b6b6db3f970fc58905558f5d5907acbf6b
dataset,data/processed/annotations_area_fixed/valid/pexels-evilin-silva-2101620640-31828031_jpg.rf.1ef1bb833f16e63c77c0f4be4d613e40.jpg,33331,49cbee9240a9a2a5198451bcf71c536ed3f3534159de28c92baf372a66fce343
dataset,data/processed/annotations_area_fixed/valid/pexels-fatma-deli-aslan-59969834-8049133_jpg.rf.c21dfcf77720b09a0c99b9bb1c7eec08.jpg,24675,95d6a0084516915c2844256e3b2fcc229d5d5e43c15c9eb11b38d478f6e2649e
dataset,data/processed/annotations_area_fixed/valid/pexels-harper-sunday-2845216_jpg.rf.5b93c04f68b9afd3244160b04555ed78.jpg,24492,86514752e163f982e7f77e99377a8498af8555da1223c5af6de59a603b90a991
dataset,data/processed/annotations_area_fixed/valid/pexels-jonathanborba-35985214_jpg.rf.7f172954a640c0580a5f76034621681e.jpg,21263,127c317a8a3a53504de4cd9492d9b88b2829cdc727d98522c1f9eb1615f64d97
dataset,data/processed/annotations_area_fixed/valid/pexels-king-30859723_jpg.rf.bcf794c94174d5ac8788366d2bdfd05e.jpg,21446,9bcf5399c1398e21a330fb3ba2c0ce79734c623521e914586255f091157053ae
dataset,data/processed/annotations_area_fixed/valid/pexels-linu-george-71756955-8438837_jpg.rf.ab038bc90b168ce669c0e6dbd88ab33b.jpg,30242,9506f129e22d5b28796b96057d04052c8560f721833fcb948f8c0efb0a8ac96e
dataset,data/processed/annotations_area_fixed/valid/pexels-longlens-28433871_jpg.rf.39fa929864946e3055796f13a5bfed6e.jpg,25772,7696492960f3b537d8fc36d16cb484bbbdd0302fe055af18220f0190ce3acd03
dataset,data/processed/annotations_area_fixed/valid/pexels-magda-ehlers-pexels-33692740_jpg.rf.758a6e56d05128800555762f71378639.jpg,28199,605c18a4cb50b284cef8d929282b1051b8d69ed2898cc0fabdc80c29a1b6f617
dataset,data/processed/annotations_area_fixed/valid/pexels-marcelo-joaquim-3414006-5626702_jpg.rf.6d1c88a49964be802a6e57e14d65a522.jpg,20149,69adf7e8895b5181dc5bef21f34beef7acee3881bac1ba3cd5a7961f369f0cc0
dataset,data/processed/annotations_area_fixed/valid/pexels-marcelo-joaquim-3414006-5626704_jpg.rf.e2e70c19a683a5a71bff43cae09b6197.jpg,37915,58d724969f28a9334d7be4b876d67bfb372bdc8542536a5d6ad0924f71a6dcba
dataset,data/processed/annotations_area_fixed/valid/pexels-marcin-manka-2148441138-36676290_jpg.rf.3841a23a1279654a012f2e27f215200d.jpg,31955,56debc37c74b97ffa87f38a7671d235bc1e30beb7cf53944b4408443ea2c6911
dataset,data/processed/annotations_area_fixed/valid/pexels-mayaramombellifotografias-38758356_jpg.rf.ae718fec0e0ee5046a970502f1923873.jpg,31974,dffe9596d1ae5317ca5dbb2a862f213743e3691518353a84deb8d6942179cd55
dataset,data/processed/annotations_area_fixed/valid/pexels-michael-obstoj-1772571864-30400309_jpg.rf.a1c2ebfdb7559c9411b43532b6d8d8e5.jpg,21275,352e612b64f526dbf138e2b56311bec705ec8e61966f39d426655a3182053b71
dataset,data/processed/annotations_area_fixed/valid/pexels-milivigerova-6427699_jpg.rf.8a29292e3e4353677588a115f62bff7b.jpg,56866,30d1ca88423b836e27fc868fb4f10f781f9f0f03384edb80ba1d476441dd95f0
dataset,data/processed/annotations_area_fixed/valid/pexels-rdne-8313435_jpg.rf.666d699de88f93ead027fbeef68d3a74.jpg,12724,2228a8cbca05090b585f00c672797225f9cbee353486ba291655de35a80a9f6d
dataset,data/processed/annotations_area_fixed/valid/pexels-realcereal-15413550_jpg.rf.f77bc416abf70f0273f8af0f7ba7447a.jpg,30636,fa6ad76b502eafe4d57ac291b368afc13b02c8785d9a5d428edf24ed6a905d2a
dataset,data/processed/annotations_area_fixed/valid/pexels-reynaldoyodia-30921378_jpg.rf.4795bf8696776d84154aa072558b3dee.jpg,37285,592bfa07c61062e594109bd1cf66566b509a2444db373d8cdd104fe132d3414a
dataset,data/processed/annotations_area_fixed/valid/pexels-salomea-18450420_jpg.rf.f0fc8801b9533d29f753cbf45a89b32b.jpg,15944,05e8e3a6317a6a0ade08893368eb5f6cda97f688ea5faf20c2cf680f705cbf23
dataset,data/processed/annotations_area_fixed/valid/pexels-suki-lee-110686949-19843443_jpg.rf.3a0d6f70b0816cc6e39f459043b0312b.jpg,30658,e73f6286c7144e9d9d49de5d5e16a06d54614e1be5f109231102f6f63de5f472
dataset,data/processed/annotations_area_fixed/valid/pexels-teresa-wang-2156262362-34782681_jpg.rf.c3484db35a7b713f7daea3626cfe1781.jpg,44178,8793bc15d86b0cacd8684f21640388de5fe9f7bcd6c9763a7e22c67c9083a72e
dataset,data/processed/annotations_area_fixed/valid/pexels-v1nhdotcom-20124288_jpg.rf.c81abd1eb93b54e37e6a2702f5b3f70a.jpg,32139,f94ffceb4ce5d53fa414982d9985994a635ac0f7d6c3bd1f9252279f257d8fca
dataset,data/processed/annotations_area_fixed/valid/pexels-wolfart-38369505_jpg.rf.8dcb86ab26b7958f35222279eab4f0da.jpg,29303,666a07899f905f7380154aa459221438ba50070869f3e4be78faa8143b083e2d
dataset,data/processed/annotations_area_fixed/valid/pexels-wonderofhisworld-36871677_jpg.rf.120a93dda0c5241586cb845ca8230b3c.jpg,25307,cef68a0db2a041551c48d386de6371e6abf794dd3597fff3b3e59ca07b5a0fa8
project,DEVLOG.md,59227,036c55076cfe19350f6778a5acfaa384aa91cdcc77b7bfb82d987f1dcf45e21c
project,instructions.md,4534,e4086f1c20e5cfede5a72452ad5170d04b674e9b5e415d7eba938e776c9c1d5d
project,LAB_DEPLOYMENT.md,9309,59e9b560ce5985b9fe857eae065b1d6995990be783a132061cbbdb6834efb51d
project,plans/2026-09-28_sam3_orchid_flower_stem_leaf_finetune.md,17425,2bae6bf712f43daf23fc371cbaabf1e5ce8caca647014ff02ddcfd907cc0fcee
project,plans/PLAN_template.md,1965,0f7dfe1374ceb0a6a487e5e939c773a977519296092dcc52051b2ac6f6d65036
project,README.md,5269,0abb1fcdb64ddc0948cd440cddff9fc08eeee6c7a72df685c64d63d9e3381c70
project,requirements-training.txt,506,57d9850a2d8dfea180bb0037e8152205a52b0dc13b65d8869ddfa0e08b6732e0
project,requirements.txt,2374,a182b06171233f7650d3fd0ddfe35bdb78a9c2911249beedf4a6fabda4223308
project,scripts/2026-09-28_check_orchid_splits.py,18627,fa1c207261ef0989093197ec72836e8bd3cc8b95202b8a92babc92e44215407e
project,scripts/2026-09-28_check_sam3_environment.py,5882,1d75e3cf450f80b1be269c3089cf56574536183a98e3eabd049d34f604d427f0
project,scripts/2026-09-28_evaluate_sam3_orchid.py,3530,bdeb3a103d1b0b8196256064a0b30139e28f1d294021a8e86144c6e238564476
project,scripts/2026-09-28_train_sam3_orchid.py,7162,31dd2907f83611ec8b7e6745cf00d68a80bb4f6339cf02265b387b625afef551
project,scripts/2026-09-28_validate_orchid_coco.py,15519,76edfc8f70b02354cb98fc3a5dac6ab45189b79d703600587a4e697c2db48c47
project,scripts/2026-10-01_audit_gpu_smoke.py,9048,7cb93698f2f7756f5a88686db4d0167c19cc22cd1445228aa5e490faf46c096e
project,scripts/2026-10-01_diagnose_resume.py,20382,2bc57c025fe444e6cd2c5b7d21f925c08a907d0f7d656e6aea827dfb76eef00a
project,scripts/2026-10-01_functional_gpu_smoke.py,16171,df382b0f49b71184b1dfe2b30a4dcfa3f6584d645d337029cbb1dc04866e56b5
project,scripts/README.md,18803,bcd6c5fcbd4d542a3a0ad72c11176ce2c253eeb0f9bd0ef4fe50c593266b98dc
project,SPEC.md,8647,0b947caef1f0256618dcf3ee5d37af78c4d9af6f1d4cea22a7c3dbdab522fedb
project,src/orchid_sam3/__init__.py,66,2871818cf6430e804b088297bf85f67b45335ee8151ce5ce2e07637e30433766
project,src/orchid_sam3/config.py,4557,26687104d719b695c383f5681649b1fe8e853b2911341f0e6ab0998ec2161521
project,src/orchid_sam3/data.py,5538,78d75dcf4e69a8c24bd10cd8519b49d42ddb44559fcd1da981034797cc0a4351
project,src/orchid_sam3/evaluation.py,10653,2bc11dc4aff6dd8689f560b761fd451162cbf615c0f33039c8fa186103aafebb
project,src/orchid_sam3/runtime.py,4002,e4588be3d743f2c53ef40c62253598859b7df54b8faa863b1c220ff11486de56
project,src/orchid_sam3/training.py,3456,b6ab80f9262b8160b490ab568e4f921f36387b7bfca931838a098fc3f9ef392f
project,src/README.md,432,03e7ef7d81e9158466f99b79a7cb3773266196cfc0575c02aa6df73880b49959
project,tests/test_orchid_pipeline.py,7090,c90103bb84975a797ac6e962e668a36e29be790f5f81ca6621f906e83f7fa464
pretrained,../sam3.pt,3450062241,9999e2341ceef5e136daa386eecb55cb414446a00ac2b55eb2dfd2f7c3cf8c9e
