pair_id,kind,split_a,image_id_a,image_path_a,file_sha256_a,split_b,image_id_b,image_path_b,file_sha256_b,dhash_distance,phash_distance,decision,reviewer,reviewed_at,note
acebb105a6824bd2dacf749ab7a9853b220d1423e2434a236107df5a0ecb9ca2,near,train,58,data/processed/annotations_area_fixed/train/istockphoto-2206501000-1024x1024_jpg.rf.b7e38160f7e2ef317d7619f5c2821d32.jpg,b9d8ce2a5d3e064d353c3707de1766e36818c3a1460b982261b5ae09e6c0d141,valid,7,data/processed/annotations_area_fixed/valid/istockphoto-2206500932-1024x1024_jpg.rf.2695871e909cc412e4026d53c70d7a3a.jpg,7caf6cbbe269a86574b6988dc078c1d1f868a75fae00ab93c70a279c130be8a7,8,8,,,,
03d9c3a25c5d21f634f991f97f66a945a98e26baadec33513b5a32d897d0487a,near,train,108,data/processed/annotations_area_fixed/train/istockphoto-578600382-1024x1024_jpg.rf.da0083fb59eff9df3a8f5fbd5ca7d784.jpg,5da7e8b8492394f7bc46a73e68f200d782fbd69751b62daf8674040657a8ed6b,valid,1,data/processed/annotations_area_fixed/valid/istockphoto-172730111-1024x1024_jpg.rf.b542a04607de1877f0d929ed32d4202f.jpg,07cfc279aa1c828b09b974b98b357b0b772d4fd6983f865a4467c024d76c1f15,14,10,,,,
d0baf08fa1c079fce1ce1acbad20c91b1b437942370f95c86f5ea1490e95fcff,near,train,166,data/processed/annotations_area_fixed/train/istockphoto-1988327022-1024x1024_jpg.rf.d24be415dd80b01870d9fee5ed755143.jpg,b0793c089bea87500f55fdb39fe55a757b34860ec1664f6572a2c1bf5ae89889,valid,2,data/processed/annotations_area_fixed/valid/istockphoto-2206500922-1024x1024_jpg.rf.25b0e1a0b6a7795080875fffdca270b4.jpg,3560575d3faa93c8484d386e8693dab62d8a4526b2a47aa36cccf06787fe07d5,17,10,,,,
e6d5c53ecb03a1c8540d87a12ddf1cf4b633865cf4429e577f1a1c994cfb3b18,near,train,30,data/processed/annotations_area_fixed/train/istockphoto-509252048-1024x1024_jpg.rf.d58a4ef4af4a7e5177bf27ae620b7402.jpg,df24191fcb5100e65ab5c6df367777afd50374d4cd260df2ed6d6016650792ee,valid,59,data/processed/annotations_area_fixed/valid/istockphoto-1401498494-1024x1024_jpg.rf.1bb725450e6b7191aaf97968580b0cb6.jpg,8275aafcd330049a22d0fa6a955d392fbcfb9a2d49a0dd3c7776dc463bc0b112,8,14,,,,
147c585a78324525df5d9f595b891c1a423758bfe0efa4847e8ffcae78b1164c,near,valid,0,data/processed/annotations_area_fixed/valid/istockphoto-1148473666-1024x1024_jpg.rf.ee41397bea5c94b289bc0bf5e321a13b.jpg,d699db7f40acf5f35f89c5033b609ff142adc2c276fef0e051669576e5c3cce8,test,16,data/processed/annotations_area_fixed/test/pexels-vinaug-5194871_jpg.rf.9de0acf6dd20c06b25561011efe44bf0.jpg,903c9772ad398c4bcdaefcd1b1b5358be588d54c2c71aa72e41163af1662fd38,5,16,,,,
3d3f409a1defb1a4a70baeb929d34f4eb65f31beacdc8f4c62d16f2387e900f7,near,train,96,data/processed/annotations_area_fixed/train/istockphoto-1190898763-1024x1024_jpg.rf.336e3e20011f7e3d3bbb026f61e5519b.jpg,704188b48bfdc594940ba9a4fcbbc168f0047c0fa25d7a02c9bdeff4d516c46b,valid,4,data/processed/annotations_area_fixed/valid/istockphoto-1190898692-1024x1024_jpg.rf.fb72bcb73a7667f53ef1eeaae0dbbe0c.jpg,7ef65a0b8aac0cf68654e8ccfeb7f7b93cc6c641759609b59c9cf6a08785d45f,5,16,,,,
61a3fc37e3ec91dc9c0300a790fa2b5c02a715ccaad9e3f75b07eaa0e74c5ab4,near,train,108,data/processed/annotations_area_fixed/train/istockphoto-578600382-1024x1024_jpg.rf.da0083fb59eff9df3a8f5fbd5ca7d784.jpg,5da7e8b8492394f7bc46a73e68f200d782fbd69751b62daf8674040657a8ed6b,valid,58,data/processed/annotations_area_fixed/valid/istockphoto-90250128-1024x1024_jpg.rf.65bab335e7c0736e6402e0d7655bb1fe.jpg,c86e031640f028f6d0e4024407564f34206c7c472ea942e353d5a5a2c9e7eeaa,5,16,,,,
c1fb082aabc2960789025cf8dd79b3d2b86014a17fb161a934c9d9dcc32c154e,near,train,35,data/processed/annotations_area_fixed/train/istockphoto-1820020881-1024x1024_jpg.rf.ad68d4383764c765dc4d79af5cbb8bd2.jpg,569ec5c6b8d2d182756b34999204b304e558671a6bc7db7d80889201814230c2,valid,58,data/processed/annotations_area_fixed/valid/istockphoto-90250128-1024x1024_jpg.rf.65bab335e7c0736e6402e0d7655bb1fe.jpg,c86e031640f028f6d0e4024407564f34206c7c472ea942e353d5a5a2c9e7eeaa,6,16,,,,
280a429453cbd58d6b837da18b7d4fda4fe48d02fca7172faad1fa9e28488960,near,train,107,data/processed/annotations_area_fixed/train/pexels-marcin-manka-2148441138-36273657_jpg.rf.cf59f0d4c46fbf65e320aaea07f74ef3.jpg,1e7026e876e7a5faf67cacbcb3d5029c02fa599f02b3d9d569fa600c056bc05c,valid,40,data/processed/annotations_area_fixed/valid/pexels-marcin-manka-2148441138-36676290_jpg.rf.3841a23a1279654a012f2e27f215200d.jpg,56debc37c74b97ffa87f38a7671d235bc1e30beb7cf53944b4408443ea2c6911,7,16,,,,
6ab2516baa1f1dc2673c33b798218bcd84b6913aa6e135ef30c34672c11a47e9,near,train,178,data/processed/annotations_area_fixed/train/pexels-marcin-manka-2148441138-36273679_jpg.rf.b28bedee5bdf5fe6ba450abc02d31fd9.jpg,cb37833169bcd5bf5bfc11483f01c69a41aa85831ad662141e3078f1ccb52cac,valid,40,data/processed/annotations_area_fixed/valid/pexels-marcin-manka-2148441138-36676290_jpg.rf.3841a23a1279654a012f2e27f215200d.jpg,56debc37c74b97ffa87f38a7671d235bc1e30beb7cf53944b4408443ea2c6911,7,16,,,,
699449bb12c954c00061a6f80d6efd45bb73f4d4a075613ca290ee1ab90d3082,near,train,22,data/processed/annotations_area_fixed/train/pexels-alyssa-7455434_jpg.rf.4ab4b3856e03f5b6b7fd2a3b6580f050.jpg,5d377d4622be978c65c189c7c55c38abda02edcd9102a371cadccd0235ab64d5,valid,0,data/processed/annotations_area_fixed/valid/istockphoto-1148473666-1024x1024_jpg.rf.ee41397bea5c94b289bc0bf5e321a13b.jpg,d699db7f40acf5f35f89c5033b609ff142adc2c276fef0e051669576e5c3cce8,4,18,,,,
62ff05cfd7b324c805d95e4936a97240c660d76aad01db2dc565d015e6877793,near,train,23,data/processed/annotations_area_fixed/train/istockphoto-146859418-1024x1024_jpg.rf.0cc53ce14cc37d061894f0d801971239.jpg,4ced554074dc4b6daff3292b4640b06a5d3f0b0acf311725661259f5caee3ef8,valid,59,data/processed/annotations_area_fixed/valid/istockphoto-1401498494-1024x1024_jpg.rf.1bb725450e6b7191aaf97968580b0cb6.jpg,8275aafcd330049a22d0fa6a955d392fbcfb9a2d49a0dd3c7776dc463bc0b112,6,18,,,,
1f8dc4c61d8565d901aa9501b3830beea0380b2d0ccc3e34a50cf632ac9c257f,near,train,191,data/processed/annotations_area_fixed/train/pexels-andreadevillier-35531488_jpg.rf.103ce6c7b180e969e04f7493f50967c9.jpg,f72d74b49fa873bfac80caa381730553c601ff47a2b95829ef74cc21a0d61cb7,valid,59,data/processed/annotations_area_fixed/valid/istockphoto-1401498494-1024x1024_jpg.rf.1bb725450e6b7191aaf97968580b0cb6.jpg,8275aafcd330049a22d0fa6a955d392fbcfb9a2d49a0dd3c7776dc463bc0b112,8,18,,,,
89685b598544633148d20e439b91af83bf32241042a7f9bbab1629f09d1ba966,near,train,185,data/processed/annotations_area_fixed/train/istockphoto-1292748488-1024x1024_jpg.rf.0e84b2e341220c65eb3666ab1bf25519.jpg,79eff57b96220f491e246547de9ac6786a51577249c5de1147e1f06607275256,valid,6,data/processed/annotations_area_fixed/valid/istockphoto-485611785-1024x1024_jpg.rf.fc8c0c3bdd4394f7c5176cbefa092382.jpg,e58a71fda5c3dd32a2b60f366d4cc9b68426ea5e5ec47a996f175975198d77c4,8,18,,,,
7c0d1a48f1ec145803d68e798f0c06113521d652412dcb56c3a89634da84a6dc,near,train,22,data/processed/annotations_area_fixed/train/pexels-alyssa-7455434_jpg.rf.4ab4b3856e03f5b6b7fd2a3b6580f050.jpg,5d377d4622be978c65c189c7c55c38abda02edcd9102a371cadccd0235ab64d5,test,16,data/processed/annotations_area_fixed/test/pexels-vinaug-5194871_jpg.rf.9de0acf6dd20c06b25561011efe44bf0.jpg,903c9772ad398c4bcdaefcd1b1b5358be588d54c2c71aa72e41163af1662fd38,3,20,,,,
d04452668d621d1fac7c3c9ec4134afc692b09a55421e34cd55e6e6af8e81356,near,train,21,data/processed/annotations_area_fixed/train/istockphoto-1190898687-1024x1024_jpg.rf.7790d717d9ce1bcae13f00dd8fad8967.jpg,ed6b427517852139468caa523af4f26b1263364328367ddee1046d03c6bc88ba,valid,4,data/processed/annotations_area_fixed/valid/istockphoto-1190898692-1024x1024_jpg.rf.fb72bcb73a7667f53ef1eeaae0dbbe0c.jpg,7ef65a0b8aac0cf68654e8ccfeb7f7b93cc6c641759609b59c9cf6a08785d45f,4,20,,,,
7ff7463b200c89c1174b91a44c698c08756c66e9bf5bfcf89b2e18582640e636,near,train,185,data/processed/annotations_area_fixed/train/istockphoto-1292748488-1024x1024_jpg.rf.0e84b2e341220c65eb3666ab1bf25519.jpg,79eff57b96220f491e246547de9ac6786a51577249c5de1147e1f06607275256,valid,16,data/processed/annotations_area_fixed/valid/pexels-salomea-18450420_jpg.rf.f0fc8801b9533d29f753cbf45a89b32b.jpg,05e8e3a6317a6a0ade08893368eb5f6cda97f688ea5faf20c2cf680f705cbf23,6,20,,,,
113df9359f08b314845545e8be3f336d69ed45789f46bb820953002fbd5be978,near,train,185,data/processed/annotations_area_fixed/train/istockphoto-1292748488-1024x1024_jpg.rf.0e84b2e341220c65eb3666ab1bf25519.jpg,79eff57b96220f491e246547de9ac6786a51577249c5de1147e1f06607275256,test,24,data/processed/annotations_area_fixed/test/pexels-duy-s-house-of-photo-2150454349-35104416_jpg.rf.711b743693de254bf7a0ae3aa43c527e.jpg,39fd1d1673da2d625d127a71f0fe5de87e2665efb1acdaa4bf9f49b4b9a3b750,7,20,,,,
95d05fbe48dd14569f75ce20f2565b6d27186f0a93f88e42e3a30177949c2b81,near,train,8,data/processed/annotations_area_fixed/train/istockphoto-1358051590-1024x1024_jpg.rf.a64c76fdb9bf571509d5f0fc9036235b.jpg,8bbc1a8ecaebe5a12c6719ffaa1a271630a3c39ddcd180697a0b20afb3a7dbcf,valid,59,data/processed/annotations_area_fixed/valid/istockphoto-1401498494-1024x1024_jpg.rf.1bb725450e6b7191aaf97968580b0cb6.jpg,8275aafcd330049a22d0fa6a955d392fbcfb9a2d49a0dd3c7776dc463bc0b112,7,20,,,,
cc4b056d5e0454d563960ccf0054bdcc2f15c3178c8067f661b1d7d671a98ed4,near,train,185,data/processed/annotations_area_fixed/train/istockphoto-1292748488-1024x1024_jpg.rf.0e84b2e341220c65eb3666ab1bf25519.jpg,79eff57b96220f491e246547de9ac6786a51577249c5de1147e1f06607275256,valid,40,data/processed/annotations_area_fixed/valid/pexels-marcin-manka-2148441138-36676290_jpg.rf.3841a23a1279654a012f2e27f215200d.jpg,56debc37c74b97ffa87f38a7671d235bc1e30beb7cf53944b4408443ea2c6911,7,20,,,,
94075402780d7b0824575bcbb180b5063d34028aabcc2e66a732915cef285731,near,train,108,data/processed/annotations_area_fixed/train/istockphoto-578600382-1024x1024_jpg.rf.da0083fb59eff9df3a8f5fbd5ca7d784.jpg,5da7e8b8492394f7bc46a73e68f200d782fbd69751b62daf8674040657a8ed6b,valid,54,data/processed/annotations_area_fixed/valid/istockphoto-911000258-1024x1024_jpg.rf.3c629327ba1fd3eb70d1ce8b0684e265.jpg,5a560207880cd6a466c774bce0e31abd43a0dd5c70b72025fb63ba40215c7e1f,8,20,,,,
c1b5434af3a6896e04a8cc7868e4e8f220b501ad1356aa0fbdd874cd573a7513,near,train,209,data/processed/annotations_area_fixed/train/pexels-victorcandiani-6135007_jpg.rf.1f9102d51b6d8cc1be93ec632520bf9c.jpg,db71b2c39898610c11d0ce5e313ce6aaa2f819be97564bdcd2bd0a57e3658a51,valid,40,data/processed/annotations_area_fixed/valid/pexels-marcin-manka-2148441138-36676290_jpg.rf.3841a23a1279654a012f2e27f215200d.jpg,56debc37c74b97ffa87f38a7671d235bc1e30beb7cf53944b4408443ea2c6911,8,20,,,,
27cfcfbac2eac076ed14712e23a2ef970f9587a19ebdf743c328b1c07c8f6bd9,near,train,171,data/processed/annotations_area_fixed/train/pexels-sandor-331921-5030458_jpg.rf.a3de41ef532a354b6ee974527c48cade.jpg,cad006c02d6341b262e3cbddd8980560714921d5c25f1514765fa80918eb001e,valid,45,data/processed/annotations_area_fixed/valid/pexels-magda-ehlers-pexels-33692740_jpg.rf.758a6e56d05128800555762f71378639.jpg,605c18a4cb50b284cef8d929282b1051b8d69ed2898cc0fabdc80c29a1b6f617,6,22,,,,
54d15e6c2588b7ee6a7c5533ae9bf51e1e50575d4f781a6a2d98591cfdd559c4,near,train,15,data/processed/annotations_area_fixed/train/istockphoto-172797793-1024x1024_jpg.rf.a2b580056a2945d183dde5aa1ddd2c22.jpg,c03ff212a3a538aa212b977d025796730641b5c6124a989127ed1e1ee357c8fd,valid,54,data/processed/annotations_area_fixed/valid/istockphoto-911000258-1024x1024_jpg.rf.3c629327ba1fd3eb70d1ce8b0684e265.jpg,5a560207880cd6a466c774bce0e31abd43a0dd5c70b72025fb63ba40215c7e1f,7,22,,,,
8310b5885f67d60aafea0c04cbca0914a1cb5dd4378148d6795553d077c808c3,near,train,68,data/processed/annotations_area_fixed/train/pexels-saraofree-31485879_jpg.rf.54fb232175743f86693e63458b86b337.jpg,74731d9438583f21c6049f34413326e24b494b1f54ae85ecf4364d60d9013d22,valid,19,data/processed/annotations_area_fixed/valid/pexels-abdf-31976954_jpg.rf.b406522dcf5c32835f005ed6cab727f4.jpg,4c5945de6c21cd573e61c5464469bdb0b99feb04808aed6ff72058ab173b33b6,7,22,,,,
09fb49b16470fc5628f3d389eb8a8135d3bd4dfb0ebc08541f120e94983b4789,near,train,41,data/processed/annotations_area_fixed/train/pexels-realcereal-15413549_jpg.rf.34695290672d349879978e08ee255618.jpg,3f562ea53a06c84265ca25a762674f1b193940b3c091036d743e91705c7f8439,valid,31,data/processed/annotations_area_fixed/valid/pexels-longlens-28433871_jpg.rf.39fa929864946e3055796f13a5bfed6e.jpg,7696492960f3b537d8fc36d16cb484bbbdd0302fe055af18220f0190ce3acd03,8,22,,,,
41ee36260fdaa16cb6bd1984d7a21d1512a0c5e73635e538e5f1238505e2f66a,near,train,0,data/processed/annotations_area_fixed/train/istockphoto-2265801871-1024x1024_jpg.rf.4c96640c4c46d29da9f1e1e5f8464690.jpg,ffd099cbfc17eef03e131fa45161d8a0739b68affaec43e9b69c1bc6fd30946b,test,10,data/processed/annotations_area_fixed/test/istockphoto-1136524493-1024x1024_jpg.rf.a9bcdf7ef3b69986b48ad8dc2fc2b49f.jpg,bb153546ada9549de8d2bd530a709fec2ce6a1289ad740fc2c87e56553284d6c,8,22,,,,
8bf2492a59d4a0269029a454473c8d03c0d696ce836cdb71de61ef83afa6d23d,near,train,13,data/processed/annotations_area_fixed/train/istockphoto-178082620-1024x1024_jpg.rf.4d82db52d9f3907159459844e56e4d8c.jpg,dff63fe212b153831bbe69f38a5e23ad1a8845bcc2882717ca8340deb4f696a7,valid,58,data/processed/annotations_area_fixed/valid/istockphoto-90250128-1024x1024_jpg.rf.65bab335e7c0736e6402e0d7655bb1fe.jpg,c86e031640f028f6d0e4024407564f34206c7c472ea942e353d5a5a2c9e7eeaa,8,22,,,,
daaa867d97855a176a36c766aab1b4a2f753fb63ef6f9f42bddd89b31788609f,near,train,75,data/processed/annotations_area_fixed/train/istockphoto-1468700780-1024x1024_jpg.rf.70d5735ed313a719b0a9dc43ee9c58a8.jpg,858c7459966a908cc08719ecbb3cfbc23d2f2466b6230b61d4ad12fc1e6ee500,test,27,data/processed/annotations_area_fixed/test/pexels-didsss-9579247_jpg.rf.8559fe702c85990cae792357be87a25c.jpg,679cd048de6fb7ebc6bb580b03146ed98662334318904b7bda300c1b09942bea,8,22,,,,
41cf161ec98afdb549c2e6b55e4b7f78a097bc546be62a77fa2533be8462de19,near,train,23,data/processed/annotations_area_fixed/train/istockphoto-146859418-1024x1024_jpg.rf.0cc53ce14cc37d061894f0d801971239.jpg,4ced554074dc4b6daff3292b4640b06a5d3f0b0acf311725661259f5caee3ef8,valid,54,data/processed/annotations_area_fixed/valid/istockphoto-911000258-1024x1024_jpg.rf.3c629327ba1fd3eb70d1ce8b0684e265.jpg,5a560207880cd6a466c774bce0e31abd43a0dd5c70b72025fb63ba40215c7e1f,6,24,,,,
6255834b62bc30dccc32e35e2a8176273e8a85e1a9c93d642158b4a98066840b,near,train,80,data/processed/annotations_area_fixed/train/istockphoto-91051314-1024x1024_jpg.rf.e8b00226711fc2ab16e0c62e01f39a0e.jpg,30bec989e5e4e2e131daa878384318369562f88f02476fa75a053974c869303c,test,27,data/processed/annotations_area_fixed/test/pexels-didsss-9579247_jpg.rf.8559fe702c85990cae792357be87a25c.jpg,679cd048de6fb7ebc6bb580b03146ed98662334318904b7bda300c1b09942bea,6,24,,,,
1c8df8ac6f34cb1fe51248c6a1ba05eeae4a1e21aefbc0d6ae706b40de679c01,near,train,8,data/processed/annotations_area_fixed/train/istockphoto-1358051590-1024x1024_jpg.rf.a64c76fdb9bf571509d5f0fc9036235b.jpg,8bbc1a8ecaebe5a12c6719ffaa1a271630a3c39ddcd180697a0b20afb3a7dbcf,valid,16,data/processed/annotations_area_fixed/valid/pexels-salomea-18450420_jpg.rf.f0fc8801b9533d29f753cbf45a89b32b.jpg,05e8e3a6317a6a0ade08893368eb5f6cda97f688ea5faf20c2cf680f705cbf23,7,24,,,,
3a8414d4a12feba464b3926927a74311a5bf6387242315444a84112b1011c8f5,near,train,203,data/processed/annotations_area_fixed/train/blossoms-colorful-backdrops_jpg.rf.9d5b5e98301a02f1397e6e6eddf3e51d.jpg,071f6608e9474a86c25a78470fa3d35a06a26b7b35c573953e6668bbe1d872ad,valid,16,data/processed/annotations_area_fixed/valid/pexels-salomea-18450420_jpg.rf.f0fc8801b9533d29f753cbf45a89b32b.jpg,05e8e3a6317a6a0ade08893368eb5f6cda97f688ea5faf20c2cf680f705cbf23,7,24,,,,
9351c85908645079f52d7d1ed52891b10c7308a6309d73bd4e49def0ded88e27,near,train,209,data/processed/annotations_area_fixed/train/pexels-victorcandiani-6135007_jpg.rf.1f9102d51b6d8cc1be93ec632520bf9c.jpg,db71b2c39898610c11d0ce5e313ce6aaa2f819be97564bdcd2bd0a57e3658a51,valid,16,data/processed/annotations_area_fixed/valid/pexels-salomea-18450420_jpg.rf.f0fc8801b9533d29f753cbf45a89b32b.jpg,05e8e3a6317a6a0ade08893368eb5f6cda97f688ea5faf20c2cf680f705cbf23,7,24,,,,
af2e434cee3ab36dca612e11d2f950a048d93acaa03bd48c39fdae82d8fac6c6,near,train,80,data/processed/annotations_area_fixed/train/istockphoto-91051314-1024x1024_jpg.rf.e8b00226711fc2ab16e0c62e01f39a0e.jpg,30bec989e5e4e2e131daa878384318369562f88f02476fa75a053974c869303c,test,16,data/processed/annotations_area_fixed/test/pexels-vinaug-5194871_jpg.rf.9de0acf6dd20c06b25561011efe44bf0.jpg,903c9772ad398c4bcdaefcd1b1b5358be588d54c2c71aa72e41163af1662fd38,7,24,,,,
1f6ae03f41f8f9db4ad02ae26537bb2d9fe9ce626f876c46fb26e40d016af0cf,near,train,103,data/processed/annotations_area_fixed/train/istockphoto-1144853131-1024x1024_jpg.rf.c1d046e421edfbccba54d81a8f2ed84e.jpg,9667137151fc8bb77e6fed1047da01b5374bdc3c2c8c1320f39f852c0fe5290b,valid,28,data/processed/annotations_area_fixed/valid/pexels-andromeda99-36164834_jpg.rf.0ad79e906450c8020e9ee9b3da01ca3a.jpg,868d82b21e07b5cea92184f9aec63c4806c446619eec97a151a502659da12f12,8,24,,,,
562b7666acb9ac336a583e3b3f8fce468d20717f6389b6fa3184cfcccc3a2619,near,train,181,data/processed/annotations_area_fixed/train/pexels-anold-ann-shaji-2161846450-38070785_jpg.rf.53c3b92025feb3ca33ab11e8dcab6be0.jpg,bf70ed183baf7a0789e52b50ad4fb22aa84b8027e2f89f57d6c31f1126998741,valid,48,data/processed/annotations_area_fixed/valid/pexels-andromeda99-36107725_jpg.rf.8cb5c451acfd0d87d1d95a40fb3d9ec9.jpg,87b920138f3e698d28ba90df71b474c29bbafebb5768e10f4aea3f344373971e,8,24,,,,
9377b5a2c52fa600bee3efabddcc46e5b5221cc3764b8b54c1d836b87761da58,near,train,180,data/processed/annotations_area_fixed/train/pexels-di-lai-567499892-31467444_jpg.rf.a36a661fdeb4577435108cb74cf6556d.jpg,06da102524b5a79cb76102291d362d95258d267ccc3a5f504c07d940e3e15add,valid,54,data/processed/annotations_area_fixed/valid/istockphoto-911000258-1024x1024_jpg.rf.3c629327ba1fd3eb70d1ce8b0684e265.jpg,5a560207880cd6a466c774bce0e31abd43a0dd5c70b72025fb63ba40215c7e1f,8,24,,,,
955f7ebcae94cdd660a604e05d5e97b19252511354512e9944a7825df24728a6,near,train,180,data/processed/annotations_area_fixed/train/pexels-di-lai-567499892-31467444_jpg.rf.a36a661fdeb4577435108cb74cf6556d.jpg,06da102524b5a79cb76102291d362d95258d267ccc3a5f504c07d940e3e15add,test,16,data/processed/annotations_area_fixed/test/pexels-vinaug-5194871_jpg.rf.9de0acf6dd20c06b25561011efe44bf0.jpg,903c9772ad398c4bcdaefcd1b1b5358be588d54c2c71aa72e41163af1662fd38,8,24,,,,
bad62a14976908abd87cdcf38ebb1d48a0599034b89a8b7b451045c9d5dd2dc7,near,train,92,data/processed/annotations_area_fixed/train/pexels-soldiervip-30349360_jpg.rf.46942ab805eb29a6d9a1203b1f0605b6.jpg,2850f05608a54f7f6babc87767d0c745796adad0388013fe52099aee9f633231,valid,9,data/processed/annotations_area_fixed/valid/pexels-realcereal-15413550_jpg.rf.f77bc416abf70f0273f8af0f7ba7447a.jpg,fa6ad76b502eafe4d57ac291b368afc13b02c8785d9a5d428edf24ed6a905d2a,8,24,,,,
1a4cb831b554fec37113a9f29e17231a873945f1f3e6b94efdfb8a0444f15768,near,train,185,data/processed/annotations_area_fixed/train/istockphoto-1292748488-1024x1024_jpg.rf.0e84b2e341220c65eb3666ab1bf25519.jpg,79eff57b96220f491e246547de9ac6786a51577249c5de1147e1f06607275256,test,27,data/processed/annotations_area_fixed/test/pexels-didsss-9579247_jpg.rf.8559fe702c85990cae792357be87a25c.jpg,679cd048de6fb7ebc6bb580b03146ed98662334318904b7bda300c1b09942bea,5,26,,,,
126d186a738b1af4fc9d728700d9c11ae326980dd39a4df17fe4f2009a44c9d1,near,train,80,data/processed/annotations_area_fixed/train/istockphoto-91051314-1024x1024_jpg.rf.e8b00226711fc2ab16e0c62e01f39a0e.jpg,30bec989e5e4e2e131daa878384318369562f88f02476fa75a053974c869303c,valid,0,data/processed/annotations_area_fixed/valid/istockphoto-1148473666-1024x1024_jpg.rf.ee41397bea5c94b289bc0bf5e321a13b.jpg,d699db7f40acf5f35f89c5033b609ff142adc2c276fef0e051669576e5c3cce8,6,26,,,,
c5556aa96cc0bfe56d363afc6422775323c8a452f78737faf3f7c927df3c435f,near,train,118,data/processed/annotations_area_fixed/train/pexels-realcereal-15398182_jpg.rf.fc33bbf694ac7cbe31b87d803027749c.jpg,e5c69c649e48e7f7c3b355beb443b462cdd3753f1ae4595772c621becef9c395,valid,0,data/processed/annotations_area_fixed/valid/istockphoto-1148473666-1024x1024_jpg.rf.ee41397bea5c94b289bc0bf5e321a13b.jpg,d699db7f40acf5f35f89c5033b609ff142adc2c276fef0e051669576e5c3cce8,7,26,,,,
d5fa40557945d93722aa8d047490fbf4817ac584b107a6a4f31f3bf518232523,near,train,144,data/processed/annotations_area_fixed/train/pexels-palomalimafotos-37606382_jpg.rf.c8fd07c7c37898a35184b959f5a4bde6.jpg,e660ffdb50379a2b71fc8a620bbf7f6e9fe487beb656a4f5b050a7342a12508c,test,22,data/processed/annotations_area_fixed/test/pexels-janellecua-9153112_jpg.rf.4d967749496f2e843344af64edfaf8d2.jpg,87a68f6419af687e27dc59478639c6447d7f626e958c1db5e8b467adb7a69e76,7,26,,,,
154d984328ba2b97ff2b9a5cae3b50a01da3fcd944a448a0407041fc94aa76c4,near,train,88,data/processed/annotations_area_fixed/train/pexels-alexander-f-ungerer-157458816-20644150_jpg.rf.b7c46090bd3980371e9f4ad38eb15b42.jpg,00bc395705810731c077ea76b9930a4a85ac0d1a28b9ac1389cf06a975945115,valid,59,data/processed/annotations_area_fixed/valid/istockphoto-1401498494-1024x1024_jpg.rf.1bb725450e6b7191aaf97968580b0cb6.jpg,8275aafcd330049a22d0fa6a955d392fbcfb9a2d49a0dd3c7776dc463bc0b112,8,26,,,,
1fed7aca82baa5f611e43b19c17cba256d5eb01a999c443bbfa8729cdaf1c289,near,train,133,data/processed/annotations_area_fixed/train/pexels-japy-20285400_jpg.rf.3dc5aa8c707b86e32b73ef6e2afdd36c.jpg,01f9c3f6d003ae402d4ef7cac14848512a3d5bc2d8277908620fdc018d0e7b9f,valid,28,data/processed/annotations_area_fixed/valid/pexels-andromeda99-36164834_jpg.rf.0ad79e906450c8020e9ee9b3da01ca3a.jpg,868d82b21e07b5cea92184f9aec63c4806c446619eec97a151a502659da12f12,8,26,,,,
5bff09999512b7fcc2a1bcbb6a3deeed8574274d5ab7db8659a31fd382ac6561,near,train,79,data/processed/annotations_area_fixed/train/istockphoto-626644624-1024x1024_jpg.rf.c998513ec34e4cb3314c96f1f5090c04.jpg,55fa81827f391f0067ee1fe7d70d1a516a259ffda90623ce0b4f064277695c95,valid,40,data/processed/annotations_area_fixed/valid/pexels-marcin-manka-2148441138-36676290_jpg.rf.3841a23a1279654a012f2e27f215200d.jpg,56debc37c74b97ffa87f38a7671d235bc1e30beb7cf53944b4408443ea2c6911,8,26,,,,
cb9d83af5f23ae2712c231904e0ba13234dc66a5edc03e9d97995f0ca719f0d5,near,train,167,data/processed/annotations_area_fixed/train/pexels-natalie-bond-320378-15031883_jpg.rf.1967094f00631be8af542eb2d19caf2a.jpg,5b8bb91f1033ec370252b9e95720a7b07da129baf868a600265134a2db825fc6,valid,54,data/processed/annotations_area_fixed/valid/istockphoto-911000258-1024x1024_jpg.rf.3c629327ba1fd3eb70d1ce8b0684e265.jpg,5a560207880cd6a466c774bce0e31abd43a0dd5c70b72025fb63ba40215c7e1f,8,26,,,,
ddbf090692df7dd1f19073d899f7e0e3a3e13dedffd18b3bf30bdfc9ab8841c6,near,train,77,data/processed/annotations_area_fixed/train/pexels-mikhaelmayim-33908911_jpg.rf.70a141b5804a71e114597415631a2dba.jpg,fc9f967a801cc2791f7b7c04f1edba2f96ec549a1eb86c7d7e09290d1b663628,test,27,data/processed/annotations_area_fixed/test/pexels-didsss-9579247_jpg.rf.8559fe702c85990cae792357be87a25c.jpg,679cd048de6fb7ebc6bb580b03146ed98662334318904b7bda300c1b09942bea,8,26,,,,
39f54fdb212cfbfaf771dcaaf8af07e2a41185294dc5773a2005c2b1a4a05454,near,train,35,data/processed/annotations_area_fixed/train/istockphoto-1820020881-1024x1024_jpg.rf.ad68d4383764c765dc4d79af5cbb8bd2.jpg,569ec5c6b8d2d182756b34999204b304e558671a6bc7db7d80889201814230c2,valid,54,data/processed/annotations_area_fixed/valid/istockphoto-911000258-1024x1024_jpg.rf.3c629327ba1fd3eb70d1ce8b0684e265.jpg,5a560207880cd6a466c774bce0e31abd43a0dd5c70b72025fb63ba40215c7e1f,5,28,,,,
be2943374c7620973bf21ec78e003d6ecce8f786e42a221fbdc607df95908a22,near,train,23,data/processed/annotations_area_fixed/train/istockphoto-146859418-1024x1024_jpg.rf.0cc53ce14cc37d061894f0d801971239.jpg,4ced554074dc4b6daff3292b4640b06a5d3f0b0acf311725661259f5caee3ef8,valid,0,data/processed/annotations_area_fixed/valid/istockphoto-1148473666-1024x1024_jpg.rf.ee41397bea5c94b289bc0bf5e321a13b.jpg,d699db7f40acf5f35f89c5033b609ff142adc2c276fef0e051669576e5c3cce8,5,28,,,,
11be382470c2062393611310ab8398d6a39be1651120bf2728616a3e2c7c3586,near,train,8,data/processed/annotations_area_fixed/train/istockphoto-1358051590-1024x1024_jpg.rf.a64c76fdb9bf571509d5f0fc9036235b.jpg,8bbc1a8ecaebe5a12c6719ffaa1a271630a3c39ddcd180697a0b20afb3a7dbcf,valid,0,data/processed/annotations_area_fixed/valid/istockphoto-1148473666-1024x1024_jpg.rf.ee41397bea5c94b289bc0bf5e321a13b.jpg,d699db7f40acf5f35f89c5033b609ff142adc2c276fef0e051669576e5c3cce8,6,28,,,,
9a3c9cf89e915b4fd3b787c25ec2afd9beb41a5998e6c89024981e0d57970f1d,near,train,66,data/processed/annotations_area_fixed/train/istockphoto-182679260-1024x1024_jpg.rf.2c6fc901f07b40b72108e5e59665eaac.jpg,80b5ba284e7939661b0e288533def0d8d04dfaa0f35e4bd44e1ac26dfbd8d81b,valid,0,data/processed/annotations_area_fixed/valid/istockphoto-1148473666-1024x1024_jpg.rf.ee41397bea5c94b289bc0bf5e321a13b.jpg,d699db7f40acf5f35f89c5033b609ff142adc2c276fef0e051669576e5c3cce8,6,28,,,,
f2ae5e9fba2b490e528f53c79b91981b3c88c582f135b5deeba63f785a35c219,near,train,89,data/processed/annotations_area_fixed/train/vertical-shot-coffee-put-flower-windowsill_jpg.rf.592ca340249ad98adf0417ace69ad6ac.jpg,2614ebab74a034bf9cebafa8c29e0f3a4cda909d55583fff7fc2dc7c4953ced1,valid,45,data/processed/annotations_area_fixed/valid/pexels-magda-ehlers-pexels-33692740_jpg.rf.758a6e56d05128800555762f71378639.jpg,605c18a4cb50b284cef8d929282b1051b8d69ed2898cc0fabdc80c29a1b6f617,6,28,,,,
09568478c787c7dc71ffafca6983fb31b30a39bbfb6b8acdd211bbe75a3a3b56,near,train,22,data/processed/annotations_area_fixed/train/pexels-alyssa-7455434_jpg.rf.4ab4b3856e03f5b6b7fd2a3b6580f050.jpg,5d377d4622be978c65c189c7c55c38abda02edcd9102a371cadccd0235ab64d5,valid,54,data/processed/annotations_area_fixed/valid/istockphoto-911000258-1024x1024_jpg.rf.3c629327ba1fd3eb70d1ce8b0684e265.jpg,5a560207880cd6a466c774bce0e31abd43a0dd5c70b72025fb63ba40215c7e1f,7,28,,,,
10da4188da40d5a9b2fa5f434ae7cdd6620e1d64608af41a496afdab224d431e,near,train,77,data/processed/annotations_area_fixed/train/pexels-mikhaelmayim-33908911_jpg.rf.70a141b5804a71e114597415631a2dba.jpg,fc9f967a801cc2791f7b7c04f1edba2f96ec549a1eb86c7d7e09290d1b663628,valid,9,data/processed/annotations_area_fixed/valid/pexels-realcereal-15413550_jpg.rf.f77bc416abf70f0273f8af0f7ba7447a.jpg,fa6ad76b502eafe4d57ac291b368afc13b02c8785d9a5d428edf24ed6a905d2a,7,28,,,,
1341670e53224883fc7737c781f8dbc83cd9389ca5af83a42352463f20865fa7,near,train,210,data/processed/annotations_area_fixed/train/pexels-natalie-bond-320378-15031878_jpg.rf.63dc4cd65e50eefe9065e288b05910f0.jpg,63e7bd0552861d42731bfe9472037ac62e38d33bd940c9c6217ce9470bcd1d19,valid,19,data/processed/annotations_area_fixed/valid/pexels-abdf-31976954_jpg.rf.b406522dcf5c32835f005ed6cab727f4.jpg,4c5945de6c21cd573e61c5464469bdb0b99feb04808aed6ff72058ab173b33b6,7,28,,,,
1c8239927a409575d74c0962e916a4cd448b91a2f6b8a0dec9cd2c21e2808bc0,near,train,131,data/processed/annotations_area_fixed/train/pexels-karola-g2-5646_jpg.rf.f1656b1235a0a3b44f6cba0b83d65f1c.jpg,a527cf1578c5561d9c5ad589307293dcca01c6870835c89d303ce9276e587ee1,valid,44,data/processed/annotations_area_fixed/valid/pexels-wolfart-38369505_jpg.rf.8dcb86ab26b7958f35222279eab4f0da.jpg,666a07899f905f7380154aa459221438ba50070869f3e4be78faa8143b083e2d,7,28,,,,
2ac6a08230205a20104fbbad4492fcc149815a2e206ffaf315a465729cfefdc1,near,train,58,data/processed/annotations_area_fixed/train/istockphoto-2206501000-1024x1024_jpg.rf.b7e38160f7e2ef317d7619f5c2821d32.jpg,b9d8ce2a5d3e064d353c3707de1766e36818c3a1460b982261b5ae09e6c0d141,valid,2,data/processed/annotations_area_fixed/valid/istockphoto-2206500922-1024x1024_jpg.rf.25b0e1a0b6a7795080875fffdca270b4.jpg,3560575d3faa93c8484d386e8693dab62d8a4526b2a47aa36cccf06787fe07d5,7,28,,,,
829d1d5eb83899de09392a705a106e075f3e4f875826afc31a767136e3b730e6,near,train,50,data/processed/annotations_area_fixed/train/pexels-natalie-bond-320378-15031884_jpg.rf.abd693e8e38970ee344eae5c2f2ea9e3.jpg,064727befb153782d47dc300259adc4c1b0996fc9ce3fa732ca307e388306984,valid,0,data/processed/annotations_area_fixed/valid/istockphoto-1148473666-1024x1024_jpg.rf.ee41397bea5c94b289bc0bf5e321a13b.jpg,d699db7f40acf5f35f89c5033b609ff142adc2c276fef0e051669576e5c3cce8,7,28,,,,
8318c9673885b8d4ca8c168e2458e4eaa05c97469c8872a9a4759d8be06db74f,near,train,152,data/processed/annotations_area_fixed/train/pexels-eleonora-sky-3280875-6477994_jpg.rf.dc01050f5620d6d545b97645bd2cd79d.jpg,388f4b793acd857812be30e4e663be265238247d8e8638186959fe68821ec860,valid,54,data/processed/annotations_area_fixed/valid/istockphoto-911000258-1024x1024_jpg.rf.3c629327ba1fd3eb70d1ce8b0684e265.jpg,5a560207880cd6a466c774bce0e31abd43a0dd5c70b72025fb63ba40215c7e1f,7,28,,,,
34eb45283ad6a22281880c34abbdd41e663630913f773f4c8f5fc9a05e536706,near,valid,44,data/processed/annotations_area_fixed/valid/pexels-wolfart-38369505_jpg.rf.8dcb86ab26b7958f35222279eab4f0da.jpg,666a07899f905f7380154aa459221438ba50070869f3e4be78faa8143b083e2d,test,25,data/processed/annotations_area_fixed/test/pexels-andy-lee-222330306-12515169_jpg.rf.c441f4220f7a1cefdc037189a3e6a7bb.jpg,b23287c681c8b38285c563230e8b98d3da7dc38b1b148d0ab18d5da35f2bd218,8,28,,,,
ab7d06e9f5cb8c58d469fe40d713324f8a5a3c087d64f456a165d1990dbbc86e,near,train,209,data/processed/annotations_area_fixed/train/pexels-victorcandiani-6135007_jpg.rf.1f9102d51b6d8cc1be93ec632520bf9c.jpg,db71b2c39898610c11d0ce5e313ce6aaa2f819be97564bdcd2bd0a57e3658a51,test,25,data/processed/annotations_area_fixed/test/pexels-andy-lee-222330306-12515169_jpg.rf.c441f4220f7a1cefdc037189a3e6a7bb.jpg,b23287c681c8b38285c563230e8b98d3da7dc38b1b148d0ab18d5da35f2bd218,8,28,,,,
bbfe2fa6284d09a0966a8b8717152311938295f8295b006a5aee5901161582b1,near,train,123,data/processed/annotations_area_fixed/train/pexels-maurizio-catalucci-1869702690-28664636_jpg.rf.74f6ccefd0b9392145f5c1e6a58b628e.jpg,d78593028dd02170de84c2df6cc6667b390aa83e1fb378b429724d709ce86b99,valid,47,data/processed/annotations_area_fixed/valid/pexels-suki-lee-110686949-19843443_jpg.rf.3a0d6f70b0816cc6e39f459043b0312b.jpg,e73f6286c7144e9d9d49de5d5e16a06d54614e1be5f109231102f6f63de5f472,8,28,,,,
d0abd318bee93714f1e0df6eb49865eef96648165e71b64a16ffccb288418226,near,train,50,data/processed/annotations_area_fixed/train/pexels-natalie-bond-320378-15031884_jpg.rf.abd693e8e38970ee344eae5c2f2ea9e3.jpg,064727befb153782d47dc300259adc4c1b0996fc9ce3fa732ca307e388306984,test,16,data/processed/annotations_area_fixed/test/pexels-vinaug-5194871_jpg.rf.9de0acf6dd20c06b25561011efe44bf0.jpg,903c9772ad398c4bcdaefcd1b1b5358be588d54c2c71aa72e41163af1662fd38,8,28,,,,
f563c2f210d563a84cdb473eeac155031866ce791ce488cd27f87e90b1657412,near,valid,46,data/processed/annotations_area_fixed/valid/pexels-marcelo-joaquim-3414006-5626702_jpg.rf.6d1c88a49964be802a6e57e14d65a522.jpg,69adf7e8895b5181dc5bef21f34beef7acee3881bac1ba3cd5a7961f369f0cc0,test,9,data/processed/annotations_area_fixed/test/pexels-samuel-gay-820551583-33214496_jpg.rf.40237b30a606525ba99625a908749753.jpg,291fc1452aeeae1897c5a1325f98189ce71624a8da455fcac514dd5d393c644a,8,28,,,,
d68279c7c42041c0199be7450c6236e41dce3b23c225a1cf44755ae9be148377,near,train,201,data/processed/annotations_area_fixed/train/pexels-alena-yanovich-37077498-15024766_jpg.rf.254a2700230e5149938079c3380b7c2e.jpg,4f58f723c6874935d2133b7e3be111310602c7c5cbcdc9df90010a7d0e9bf1cf,test,27,data/processed/annotations_area_fixed/test/pexels-didsss-9579247_jpg.rf.8559fe702c85990cae792357be87a25c.jpg,679cd048de6fb7ebc6bb580b03146ed98662334318904b7bda300c1b09942bea,6,30,,,,
f4afca182e9e324dbe637eea725bd1e1d9814ce69bc6cd1e14dcf54d3fcc9c8d,near,train,75,data/processed/annotations_area_fixed/train/istockphoto-1468700780-1024x1024_jpg.rf.70d5735ed313a719b0a9dc43ee9c58a8.jpg,858c7459966a908cc08719ecbb3cfbc23d2f2466b6230b61d4ad12fc1e6ee500,test,25,data/processed/annotations_area_fixed/test/pexels-andy-lee-222330306-12515169_jpg.rf.c441f4220f7a1cefdc037189a3e6a7bb.jpg,b23287c681c8b38285c563230e8b98d3da7dc38b1b148d0ab18d5da35f2bd218,6,30,,,,
72779872b640d28b151f321f4d87751ae6598c240d6e548e3172f6be3ae72d86,near,train,13,data/processed/annotations_area_fixed/train/istockphoto-178082620-1024x1024_jpg.rf.4d82db52d9f3907159459844e56e4d8c.jpg,dff63fe212b153831bbe69f38a5e23ad1a8845bcc2882717ca8340deb4f696a7,valid,54,data/processed/annotations_area_fixed/valid/istockphoto-911000258-1024x1024_jpg.rf.3c629327ba1fd3eb70d1ce8b0684e265.jpg,5a560207880cd6a466c774bce0e31abd43a0dd5c70b72025fb63ba40215c7e1f,7,30,,,,
8a1848ea5fe3d60d0a8e7975658a4b47bf209ce022e390e28dddc22066aae2f9,near,train,35,data/processed/annotations_area_fixed/train/istockphoto-1820020881-1024x1024_jpg.rf.ad68d4383764c765dc4d79af5cbb8bd2.jpg,569ec5c6b8d2d182756b34999204b304e558671a6bc7db7d80889201814230c2,test,16,data/processed/annotations_area_fixed/test/pexels-vinaug-5194871_jpg.rf.9de0acf6dd20c06b25561011efe44bf0.jpg,903c9772ad398c4bcdaefcd1b1b5358be588d54c2c71aa72e41163af1662fd38,7,30,,,,
f84f81a4888d58bc477a63df6a716e54116c77ebf31c3c0deea1258a010c7f8d,near,train,50,data/processed/annotations_area_fixed/train/pexels-natalie-bond-320378-15031884_jpg.rf.abd693e8e38970ee344eae5c2f2ea9e3.jpg,064727befb153782d47dc300259adc4c1b0996fc9ce3fa732ca307e388306984,test,27,data/processed/annotations_area_fixed/test/pexels-didsss-9579247_jpg.rf.8559fe702c85990cae792357be87a25c.jpg,679cd048de6fb7ebc6bb580b03146ed98662334318904b7bda300c1b09942bea,7,30,,,,
011e0808e3caf153d751ebd80606332e39cec3d0c187e51c8a639a816b6ce931,near,train,203,data/processed/annotations_area_fixed/train/blossoms-colorful-backdrops_jpg.rf.9d5b5e98301a02f1397e6e6eddf3e51d.jpg,071f6608e9474a86c25a78470fa3d35a06a26b7b35c573953e6668bbe1d872ad,valid,40,data/processed/annotations_area_fixed/valid/pexels-marcin-manka-2148441138-36676290_jpg.rf.3841a23a1279654a012f2e27f215200d.jpg,56debc37c74b97ffa87f38a7671d235bc1e30beb7cf53944b4408443ea2c6911,8,30,,,,
0a2c14bf341dc407fdceb652d79e5d4d6f02ad278e6f35f006b44d20893ecc5c,near,train,80,data/processed/annotations_area_fixed/train/istockphoto-91051314-1024x1024_jpg.rf.e8b00226711fc2ab16e0c62e01f39a0e.jpg,30bec989e5e4e2e131daa878384318369562f88f02476fa75a053974c869303c,valid,40,data/processed/annotations_area_fixed/valid/pexels-marcin-manka-2148441138-36676290_jpg.rf.3841a23a1279654a012f2e27f215200d.jpg,56debc37c74b97ffa87f38a7671d235bc1e30beb7cf53944b4408443ea2c6911,8,30,,,,
0c8a660073f929379fc47df47e1f9dc5559973119a39d8923e33ada1cbce2aa2,near,train,21,data/processed/annotations_area_fixed/train/istockphoto-1190898687-1024x1024_jpg.rf.7790d717d9ce1bcae13f00dd8fad8967.jpg,ed6b427517852139468caa523af4f26b1263364328367ddee1046d03c6bc88ba,valid,13,data/processed/annotations_area_fixed/valid/istockphoto-1415636561-1024x1024_jpg.rf.ffa1238dec4016b2f755eccd6c580923.jpg,9144b05ed45949afbcb0c366a732281ed9464345990488e4e43e0428f8219428,8,30,,,,
320ad9e6521403c743704fb4fa06f0ead8345d60b8af20769ec04871e6a10880,near,valid,19,data/processed/annotations_area_fixed/valid/pexels-abdf-31976954_jpg.rf.b406522dcf5c32835f005ed6cab727f4.jpg,4c5945de6c21cd573e61c5464469bdb0b99feb04808aed6ff72058ab173b33b6,test,27,data/processed/annotations_area_fixed/test/pexels-didsss-9579247_jpg.rf.8559fe702c85990cae792357be87a25c.jpg,679cd048de6fb7ebc6bb580b03146ed98662334318904b7bda300c1b09942bea,8,30,,,,
34b8e2cdf0fea387f2ae550c19f6b2c5cf51954683c9a6f601a93d75849492ab,near,train,22,data/processed/annotations_area_fixed/train/pexels-alyssa-7455434_jpg.rf.4ab4b3856e03f5b6b7fd2a3b6580f050.jpg,5d377d4622be978c65c189c7c55c38abda02edcd9102a371cadccd0235ab64d5,valid,19,data/processed/annotations_area_fixed/valid/pexels-abdf-31976954_jpg.rf.b406522dcf5c32835f005ed6cab727f4.jpg,4c5945de6c21cd573e61c5464469bdb0b99feb04808aed6ff72058ab173b33b6,8,30,,,,
5d89c90e6d70f058d129725829377e1693bd2c505265b95cc11e587b303b7df8,near,train,118,data/processed/annotations_area_fixed/train/pexels-realcereal-15398182_jpg.rf.fc33bbf694ac7cbe31b87d803027749c.jpg,e5c69c649e48e7f7c3b355beb443b462cdd3753f1ae4595772c621becef9c395,test,16,data/processed/annotations_area_fixed/test/pexels-vinaug-5194871_jpg.rf.9de0acf6dd20c06b25561011efe44bf0.jpg,903c9772ad398c4bcdaefcd1b1b5358be588d54c2c71aa72e41163af1662fd38,8,30,,,,
76fe836ce0524c33cd19a81aca058be6f796c962bdd68892c134fe787e263308,near,valid,54,data/processed/annotations_area_fixed/valid/istockphoto-911000258-1024x1024_jpg.rf.3c629327ba1fd3eb70d1ce8b0684e265.jpg,5a560207880cd6a466c774bce0e31abd43a0dd5c70b72025fb63ba40215c7e1f,test,16,data/processed/annotations_area_fixed/test/pexels-vinaug-5194871_jpg.rf.9de0acf6dd20c06b25561011efe44bf0.jpg,903c9772ad398c4bcdaefcd1b1b5358be588d54c2c71aa72e41163af1662fd38,8,30,,,,
a17edfea3c4659e1b5d62c4a611dfe625a388b4ad20ac4c5a45554c756ef84fb,near,train,8,data/processed/annotations_area_fixed/train/istockphoto-1358051590-1024x1024_jpg.rf.a64c76fdb9bf571509d5f0fc9036235b.jpg,8bbc1a8ecaebe5a12c6719ffaa1a271630a3c39ddcd180697a0b20afb3a7dbcf,valid,40,data/processed/annotations_area_fixed/valid/pexels-marcin-manka-2148441138-36676290_jpg.rf.3841a23a1279654a012f2e27f215200d.jpg,56debc37c74b97ffa87f38a7671d235bc1e30beb7cf53944b4408443ea2c6911,8,30,,,,
b0b5602c196378fa4bdfdfedd5cf0e5cd8acf9c8b51949d039b407e94e8e4bdc,near,train,210,data/processed/annotations_area_fixed/train/pexels-natalie-bond-320378-15031878_jpg.rf.63dc4cd65e50eefe9065e288b05910f0.jpg,63e7bd0552861d42731bfe9472037ac62e38d33bd940c9c6217ce9470bcd1d19,valid,16,data/processed/annotations_area_fixed/valid/pexels-salomea-18450420_jpg.rf.f0fc8801b9533d29f753cbf45a89b32b.jpg,05e8e3a6317a6a0ade08893368eb5f6cda97f688ea5faf20c2cf680f705cbf23,8,30,,,,
e582e49b007f7f5ed27b45dedb7f37e12e0600b2dfbfb10d7767bf62f931efc4,near,train,46,data/processed/annotations_area_fixed/train/pexels-ameliacui-36991135_jpg.rf.551f5013a5eb29e6a88d29797d764f27.jpg,661b9379721cb47952b0eada8ad9f701c4939a9598395b97191bcce1b7c52ac6,test,27,data/processed/annotations_area_fixed/test/pexels-didsss-9579247_jpg.rf.8559fe702c85990cae792357be87a25c.jpg,679cd048de6fb7ebc6bb580b03146ed98662334318904b7bda300c1b09942bea,8,30,,,,
f2d78a2e6c9c4830adaa05785cd5250b9ad674f3546de6d070bf424f9aa6cd00,near,train,23,data/processed/annotations_area_fixed/train/istockphoto-146859418-1024x1024_jpg.rf.0cc53ce14cc37d061894f0d801971239.jpg,4ced554074dc4b6daff3292b4640b06a5d3f0b0acf311725661259f5caee3ef8,test,16,data/processed/annotations_area_fixed/test/pexels-vinaug-5194871_jpg.rf.9de0acf6dd20c06b25561011efe44bf0.jpg,903c9772ad398c4bcdaefcd1b1b5358be588d54c2c71aa72e41163af1662fd38,8,30,,,,
f4db431a952d8380729f95eba0db135f0658c3d1ce5194c81fc52f52e876bb5a,near,train,151,data/processed/annotations_area_fixed/train/pexels-soldiervip-30349354_jpg.rf.20d0b065ed2b99ac4137c2a042431b49.jpg,0a51e895f9d5d52774bb6060612fe69131d245c880bd48cccbbdb6738216b268,valid,46,data/processed/annotations_area_fixed/valid/pexels-marcelo-joaquim-3414006-5626702_jpg.rf.6d1c88a49964be802a6e57e14d65a522.jpg,69adf7e8895b5181dc5bef21f34beef7acee3881bac1ba3cd5a7961f369f0cc0,8,30,,,,
43d949abf6879b4edaab26f6033e5ed0194c65c44f78e7eb3350693c69dd9453,near,train,209,data/processed/annotations_area_fixed/train/pexels-victorcandiani-6135007_jpg.rf.1f9102d51b6d8cc1be93ec632520bf9c.jpg,db71b2c39898610c11d0ce5e313ce6aaa2f819be97564bdcd2bd0a57e3658a51,test,27,data/processed/annotations_area_fixed/test/pexels-didsss-9579247_jpg.rf.8559fe702c85990cae792357be87a25c.jpg,679cd048de6fb7ebc6bb580b03146ed98662334318904b7bda300c1b09942bea,4,32,,,,
4d2f203a604f581080c5d7797f468dcd275f469bf7a5779472a8b83d3e715c0a,near,train,197,data/processed/annotations_area_fixed/train/pexels-realcereal-15413508_jpg.rf.11577e2f6941f13b254952eb6fa0353f.jpg,50e03fbf71fcbd9230339cf71fc51b2b04d8121590ad579e86b0be054ac454b6,test,10,data/processed/annotations_area_fixed/test/istockphoto-1136524493-1024x1024_jpg.rf.a9bcdf7ef3b69986b48ad8dc2fc2b49f.jpg,bb153546ada9549de8d2bd530a709fec2ce6a1289ad740fc2c87e56553284d6c,7,32,,,,
83ba18922d6cf55bc997d8277d65f60ac6bd81e1f5d250f9e1908be5aeccec04,near,train,46,data/processed/annotations_area_fixed/train/pexels-ameliacui-36991135_jpg.rf.551f5013a5eb29e6a88d29797d764f27.jpg,661b9379721cb47952b0eada8ad9f701c4939a9598395b97191bcce1b7c52ac6,test,16,data/processed/annotations_area_fixed/test/pexels-vinaug-5194871_jpg.rf.9de0acf6dd20c06b25561011efe44bf0.jpg,903c9772ad398c4bcdaefcd1b1b5358be588d54c2c71aa72e41163af1662fd38,7,32,,,,
933d52b20248cfb443beb4f934456e1ea669d0196b4f4db43eeb6015f6546056,near,train,46,data/processed/annotations_area_fixed/train/pexels-ameliacui-36991135_jpg.rf.551f5013a5eb29e6a88d29797d764f27.jpg,661b9379721cb47952b0eada8ad9f701c4939a9598395b97191bcce1b7c52ac6,valid,58,data/processed/annotations_area_fixed/valid/istockphoto-90250128-1024x1024_jpg.rf.65bab335e7c0736e6402e0d7655bb1fe.jpg,c86e031640f028f6d0e4024407564f34206c7c472ea942e353d5a5a2c9e7eeaa,8,32,,,,
a1bd6eb941857812b482a15e643cf23d36641ca59c8100a9ec07c4d925d30511,near,train,54,data/processed/annotations_area_fixed/train/pexels-realcereal-15398170_jpg.rf.778337b913d9c0f365d0c44c8e7d3576.jpg,7706e13d3531a9bdfcafc9eb9bf55da238d708e1e3fc3fcdbf884162c1dd1b81,test,14,data/processed/annotations_area_fixed/test/pexels-damir-20130986_jpg.rf.1d68fe5eb78b593fda64597931119206.jpg,2e012c5c6ab983d654bf052e0c9a798151ae30c988f0608293375ee425f909b5,8,32,,,,
d06021cf35899eb5e19dc658a3d53f220a6dd948ed95c7f71a85c958409b85af,near,train,188,data/processed/annotations_area_fixed/train/pexels-andreadevillier-35531489_jpg.rf.b536c7413819cf1bf0bf5ac9a317db54.jpg,6132d281496e860d0ab3e062ab733eb2804a8751ea9c0e9cd12f445bb09e46f1,test,14,data/processed/annotations_area_fixed/test/pexels-damir-20130986_jpg.rf.1d68fe5eb78b593fda64597931119206.jpg,2e012c5c6ab983d654bf052e0c9a798151ae30c988f0608293375ee425f909b5,8,32,,,,
3a13541adae61b42e14dbc9ef0fa28265f0352a4b8ab15db4c29d4e26cbcde89,near,train,77,data/processed/annotations_area_fixed/train/pexels-mikhaelmayim-33908911_jpg.rf.70a141b5804a71e114597415631a2dba.jpg,fc9f967a801cc2791f7b7c04f1edba2f96ec549a1eb86c7d7e09290d1b663628,valid,6,data/processed/annotations_area_fixed/valid/istockphoto-485611785-1024x1024_jpg.rf.fc8c0c3bdd4394f7c5176cbefa092382.jpg,e58a71fda5c3dd32a2b60f366d4cc9b68426ea5e5ec47a996f175975198d77c4,7,34,,,,
c575c6cd966f7e29efd6a5bee046d5697edf80e858137a276c752a8318c95f1c,near,train,210,data/processed/annotations_area_fixed/train/pexels-natalie-bond-320378-15031878_jpg.rf.63dc4cd65e50eefe9065e288b05910f0.jpg,63e7bd0552861d42731bfe9472037ac62e38d33bd940c9c6217ce9470bcd1d19,test,27,data/processed/annotations_area_fixed/test/pexels-didsss-9579247_jpg.rf.8559fe702c85990cae792357be87a25c.jpg,679cd048de6fb7ebc6bb580b03146ed98662334318904b7bda300c1b09942bea,7,34,,,,
4282bff873533cbad4ac4eb4197132a80074edd7108d7531c1ef9685e5df8326,near,train,210,data/processed/annotations_area_fixed/train/pexels-natalie-bond-320378-15031878_jpg.rf.63dc4cd65e50eefe9065e288b05910f0.jpg,63e7bd0552861d42731bfe9472037ac62e38d33bd940c9c6217ce9470bcd1d19,valid,54,data/processed/annotations_area_fixed/valid/istockphoto-911000258-1024x1024_jpg.rf.3c629327ba1fd3eb70d1ce8b0684e265.jpg,5a560207880cd6a466c774bce0e31abd43a0dd5c70b72025fb63ba40215c7e1f,8,34,,,,
d7b67f8701cda6456bc6623c38e4da93324972ec2849580ac0967a692f233df1,near,train,50,data/processed/annotations_area_fixed/train/pexels-natalie-bond-320378-15031884_jpg.rf.abd693e8e38970ee344eae5c2f2ea9e3.jpg,064727befb153782d47dc300259adc4c1b0996fc9ce3fa732ca307e388306984,valid,54,data/processed/annotations_area_fixed/valid/istockphoto-911000258-1024x1024_jpg.rf.3c629327ba1fd3eb70d1ce8b0684e265.jpg,5a560207880cd6a466c774bce0e31abd43a0dd5c70b72025fb63ba40215c7e1f,8,34,,,,
73c908e527ebaba148013c807cb316908ce20014aa4515a8843d7801a6cbfdc2,near,train,80,data/processed/annotations_area_fixed/train/istockphoto-91051314-1024x1024_jpg.rf.e8b00226711fc2ab16e0c62e01f39a0e.jpg,30bec989e5e4e2e131daa878384318369562f88f02476fa75a053974c869303c,valid,6,data/processed/annotations_area_fixed/valid/istockphoto-485611785-1024x1024_jpg.rf.fc8c0c3bdd4394f7c5176cbefa092382.jpg,e58a71fda5c3dd32a2b60f366d4cc9b68426ea5e5ec47a996f175975198d77c4,7,36,,,,
81fe327472ae774dfa6b7d6a36bc0e8d97d4cefa992c8c511bf206fc4a6f7b89,near,train,56,data/processed/annotations_area_fixed/train/pexels-kuba-macioszek-2387091-6737187_jpg.rf.28948eb5cba51acdfd2a28ee93c6b33a.jpg,6f03248df092aec90e089844c4f494e5f539e35bcf979fbfb8494723684111eb,test,22,data/processed/annotations_area_fixed/test/pexels-janellecua-9153112_jpg.rf.4d967749496f2e843344af64edfaf8d2.jpg,87a68f6419af687e27dc59478639c6447d7f626e958c1db5e8b467adb7a69e76,7,36,,,,
084301957407e430fb931bf0dfce7a9b325208e05fbfd69c9edd612e81a6c2a4,near,train,108,data/processed/annotations_area_fixed/train/istockphoto-578600382-1024x1024_jpg.rf.da0083fb59eff9df3a8f5fbd5ca7d784.jpg,5da7e8b8492394f7bc46a73e68f200d782fbd69751b62daf8674040657a8ed6b,test,16,data/processed/annotations_area_fixed/test/pexels-vinaug-5194871_jpg.rf.9de0acf6dd20c06b25561011efe44bf0.jpg,903c9772ad398c4bcdaefcd1b1b5358be588d54c2c71aa72e41163af1662fd38,8,36,,,,
49daf2ef27e6b9d3176cf7f39a80dd47997ca82efb157f700543216df320a4ce,near,train,209,data/processed/annotations_area_fixed/train/pexels-victorcandiani-6135007_jpg.rf.1f9102d51b6d8cc1be93ec632520bf9c.jpg,db71b2c39898610c11d0ce5e313ce6aaa2f819be97564bdcd2bd0a57e3658a51,valid,19,data/processed/annotations_area_fixed/valid/pexels-abdf-31976954_jpg.rf.b406522dcf5c32835f005ed6cab727f4.jpg,4c5945de6c21cd573e61c5464469bdb0b99feb04808aed6ff72058ab173b33b6,8,36,,,,
681e8f467bcfe805cee2592f09f9471f89e8fadaed49b48a817e9d574db80c3b,near,train,174,data/processed/annotations_area_fixed/train/pexels-suki-lee-110686949-19838583_jpg.rf.eb02a552a25866b3df3e31276d135f8f.jpg,e3b0a7a6b8e79d136ad96e95b868f93b06a19101cc69cbe94b3137233958e965,test,22,data/processed/annotations_area_fixed/test/pexels-janellecua-9153112_jpg.rf.4d967749496f2e843344af64edfaf8d2.jpg,87a68f6419af687e27dc59478639c6447d7f626e958c1db5e8b467adb7a69e76,8,36,,,,
705637e5efcfaa060f74aed67f6ee19a795b531585c2f085e015d40c0ffa9ba9,near,train,152,data/processed/annotations_area_fixed/train/pexels-eleonora-sky-3280875-6477994_jpg.rf.dc01050f5620d6d545b97645bd2cd79d.jpg,388f4b793acd857812be30e4e663be265238247d8e8638186959fe68821ec860,valid,18,data/processed/annotations_area_fixed/valid/pexels-evilin-silva-2101620640-31828031_jpg.rf.1ef1bb833f16e63c77c0f4be4d613e40.jpg,49cbee9240a9a2a5198451bcf71c536ed3f3534159de28c92baf372a66fce343,8,36,,,,
9ddcbdce823f3a5ca2f6fc7920a1d554a75b59dd3e071b47b70029dcf7b3cc2f,near,train,41,data/processed/annotations_area_fixed/train/pexels-realcereal-15413549_jpg.rf.34695290672d349879978e08ee255618.jpg,3f562ea53a06c84265ca25a762674f1b193940b3c091036d743e91705c7f8439,valid,22,data/processed/annotations_area_fixed/valid/pexels-michael-obstoj-1772571864-30400309_jpg.rf.a1c2ebfdb7559c9411b43532b6d8d8e5.jpg,352e612b64f526dbf138e2b56311bec705ec8e61966f39d426655a3182053b71,8,36,,,,
ea2bda03654c42db035e32831ec48a897e1344f60a1d7a1f5b61f6437da40018,near,train,203,data/processed/annotations_area_fixed/train/blossoms-colorful-backdrops_jpg.rf.9d5b5e98301a02f1397e6e6eddf3e51d.jpg,071f6608e9474a86c25a78470fa3d35a06a26b7b35c573953e6668bbe1d872ad,valid,19,data/processed/annotations_area_fixed/valid/pexels-abdf-31976954_jpg.rf.b406522dcf5c32835f005ed6cab727f4.jpg,4c5945de6c21cd573e61c5464469bdb0b99feb04808aed6ff72058ab173b33b6,8,36,,,,
a526734715909ec65bf9a279bfa615ceef5ae2d0807526017e7e956956afacdd,near,train,131,data/processed/annotations_area_fixed/train/pexels-karola-g2-5646_jpg.rf.f1656b1235a0a3b44f6cba0b83d65f1c.jpg,a527cf1578c5561d9c5ad589307293dcca01c6870835c89d303ce9276e587ee1,test,25,data/processed/annotations_area_fixed/test/pexels-andy-lee-222330306-12515169_jpg.rf.c441f4220f7a1cefdc037189a3e6a7bb.jpg,b23287c681c8b38285c563230e8b98d3da7dc38b1b148d0ab18d5da35f2bd218,7,38,,,,
