wsl_path,windows_path,bytes
/mnt/d/my-project/orchid-sam3/results/models/smoke/best.json,D:\my-project\orchid-sam3\results\models\smoke\best.json,75
/mnt/d/my-project/orchid-sam3/results/models/smoke/checkpoints/best.pt,D:\my-project\orchid-sam3\results\models\smoke\checkpoints\best.pt,10081260002
/mnt/d/my-project/orchid-sam3/results/models/smoke/checkpoints/checkpoint.pt,D:\my-project\orchid-sam3\results\models\smoke\checkpoints\checkpoint.pt,10081260002
/mnt/d/my-project/orchid-sam3/results/models/smoke/checkpoints/checkpoint_1.pt,D:\my-project\orchid-sam3\results\models\smoke\checkpoints\checkpoint_1.pt,10081260002
/mnt/d/my-project/orchid-sam3/results/models/smoke/completion.json,D:\my-project\orchid-sam3\results\models\smoke\completion.json,94
/mnt/d/my-project/orchid-sam3/results/models/smoke/config_resolved.yaml,D:\my-project\orchid-sam3\results\models\smoke\config_resolved.yaml,10384
/mnt/d/my-project/orchid-sam3/results/models/smoke/config_target_001.yaml,D:\my-project\orchid-sam3\results\models\smoke\config_target_001.yaml,10290
/mnt/d/my-project/orchid-sam3/results/models/smoke/config_target_002.yaml,D:\my-project\orchid-sam3\results\models\smoke\config_target_002.yaml,10384
/mnt/d/my-project/orchid-sam3/results/models/smoke/data_limitations.json,D:\my-project\orchid-sam3\results\models\smoke\data_limitations.json,221
/mnt/d/my-project/orchid-sam3/results/models/smoke/environment.json,D:\my-project\orchid-sam3\results\models\smoke\environment.json,3545
/mnt/d/my-project/orchid-sam3/results/models/smoke/failure.json,D:\my-project\orchid-sam3\results\models\smoke\failure.json,939
/mnt/d/my-project/orchid-sam3/results/models/smoke/input_signature.json,D:\my-project\orchid-sam3\results\models\smoke\input_signature.json,62539
/mnt/d/my-project/orchid-sam3/results/models/smoke/inputs/train.coco.json,D:\my-project\orchid-sam3\results\models\smoke\inputs\train.coco.json,1836762
/mnt/d/my-project/orchid-sam3/results/models/smoke/logs/attempt_1_failure.json,D:\my-project\orchid-sam3\results\models\smoke\logs\attempt_1_failure.json,1651
/mnt/d/my-project/orchid-sam3/results/models/smoke/logs/attempt_2_failure.json,D:\my-project\orchid-sam3\results\models\smoke\logs\attempt_2_failure.json,79
/mnt/d/my-project/orchid-sam3/results/models/smoke/logs/attempt_3_config.yaml,D:\my-project\orchid-sam3\results\models\smoke\logs\attempt_3_config.yaml,10290
/mnt/d/my-project/orchid-sam3/results/models/smoke/logs/attempt_3_failure.json,D:\my-project\orchid-sam3\results\models\smoke\logs\attempt_3_failure.json,1073
/mnt/d/my-project/orchid-sam3/results/models/smoke/logs/attempt_4_config.yaml,D:\my-project\orchid-sam3\results\models\smoke\logs\attempt_4_config.yaml,10325
/mnt/d/my-project/orchid-sam3/results/models/smoke/logs/attempt_4_interruption.txt,D:\my-project\orchid-sam3\results\models\smoke\logs\attempt_4_interruption.txt,170
/mnt/d/my-project/orchid-sam3/results/models/smoke/logs/best_stats.json,D:\my-project\orchid-sam3\results\models\smoke\logs\best_stats.json,70
/mnt/d/my-project/orchid-sam3/results/models/smoke/logs/log.txt,D:\my-project\orchid-sam3\results\models\smoke\logs\log.txt,703400
/mnt/d/my-project/orchid-sam3/results/models/smoke/logs/smoke_initial_console.log,D:\my-project\orchid-sam3\results\models\smoke\logs\smoke_initial_console.log,10586
/mnt/d/my-project/orchid-sam3/results/models/smoke/logs/smoke_resume_console.log,D:\my-project\orchid-sam3\results\models\smoke\logs\smoke_resume_console.log,141773
/mnt/d/my-project/orchid-sam3/results/models/smoke/logs/smoke_resume_final_stack.txt,D:\my-project\orchid-sam3\results\models\smoke\logs\smoke_resume_final_stack.txt,1082
/mnt/d/my-project/orchid-sam3/results/models/smoke/logs/smoke_resume_kernel.log,D:\my-project\orchid-sam3\results\models\smoke\logs\smoke_resume_kernel.log,38769
/mnt/d/my-project/orchid-sam3/results/models/smoke/logs/smoke_resume_kernel_final.log,D:\my-project\orchid-sam3\results\models\smoke\logs\smoke_resume_kernel_final.log,39245
/mnt/d/my-project/orchid-sam3/results/models/smoke/logs/smoke_resume_native_stack.txt,D:\my-project\orchid-sam3\results\models\smoke\logs\smoke_resume_native_stack.txt,5971
/mnt/d/my-project/orchid-sam3/results/models/smoke/logs/smoke_resume_native_stack_2.txt,D:\my-project\orchid-sam3\results\models\smoke\logs\smoke_resume_native_stack_2.txt,5971
/mnt/d/my-project/orchid-sam3/results/models/smoke/logs/smoke_resume_stack.txt,D:\my-project\orchid-sam3\results\models\smoke\logs\smoke_resume_stack.txt,1741
/mnt/d/my-project/orchid-sam3/results/models/smoke/logs/smoke_resume_stack_2.txt,D:\my-project\orchid-sam3\results\models\smoke\logs\smoke_resume_stack_2.txt,1557
/mnt/d/my-project/orchid-sam3/results/models/smoke/logs/smoke_resume_stack_3.txt,D:\my-project\orchid-sam3\results\models\smoke\logs\smoke_resume_stack_3.txt,1701
/mnt/d/my-project/orchid-sam3/results/models/smoke/logs/smoke_resume_stack_4.txt,D:\my-project\orchid-sam3\results\models\smoke\logs\smoke_resume_stack_4.txt,1376
/mnt/d/my-project/orchid-sam3/results/models/smoke/logs/smoke_resume_stack_5.txt,D:\my-project\orchid-sam3\results\models\smoke\logs\smoke_resume_stack_5.txt,1376
/mnt/d/my-project/orchid-sam3/results/models/smoke/logs/smoke_resume_timeout.json,D:\my-project\orchid-sam3\results\models\smoke\logs\smoke_resume_timeout.json,844
/mnt/d/my-project/orchid-sam3/results/models/smoke/logs/smoke_resume_training_stack.txt,D:\my-project\orchid-sam3\results\models\smoke\logs\smoke_resume_training_stack.txt,1652
/mnt/d/my-project/orchid-sam3/results/models/smoke/logs/smoke_resume_training_stack_2.txt,D:\my-project\orchid-sam3\results\models\smoke\logs\smoke_resume_training_stack_2.txt,1652
/mnt/d/my-project/orchid-sam3/results/models/smoke/logs/smoke_resume_training_stack_3.txt,D:\my-project\orchid-sam3\results\models\smoke\logs\smoke_resume_training_stack_3.txt,2329
/mnt/d/my-project/orchid-sam3/results/models/smoke/logs/smoke_resume_training_stack_4.txt,D:\my-project\orchid-sam3\results\models\smoke\logs\smoke_resume_training_stack_4.txt,1982
/mnt/d/my-project/orchid-sam3/results/models/smoke/logs/smoke_resume_training_stack_5.txt,D:\my-project\orchid-sam3\results\models\smoke\logs\smoke_resume_training_stack_5.txt,1082
/mnt/d/my-project/orchid-sam3/results/models/smoke/logs/smoke_retry_2_console.log,D:\my-project\orchid-sam3\results\models\smoke\logs\smoke_retry_2_console.log,148288
/mnt/d/my-project/orchid-sam3/results/models/smoke/logs/smoke_retry_3_console.log,D:\my-project\orchid-sam3\results\models\smoke\logs\smoke_retry_3_console.log,145595
/mnt/d/my-project/orchid-sam3/results/models/smoke/logs/smoke_retry_4_console.log,D:\my-project\orchid-sam3\results\models\smoke\logs\smoke_retry_4_console.log,141261
/mnt/d/my-project/orchid-sam3/results/models/smoke/logs/smoke_retry_4_stack.txt,D:\my-project\orchid-sam3\results\models\smoke\logs\smoke_retry_4_stack.txt,3180
/mnt/d/my-project/orchid-sam3/results/models/smoke/logs/smoke_retry_4_stack_2.txt,D:\my-project\orchid-sam3\results\models\smoke\logs\smoke_retry_4_stack_2.txt,3278
/mnt/d/my-project/orchid-sam3/results/models/smoke/logs/smoke_retry_5_console.log,D:\my-project\orchid-sam3\results\models\smoke\logs\smoke_retry_5_console.log,147693
/mnt/d/my-project/orchid-sam3/results/models/smoke/logs/smoke_stack_snapshot.txt,D:\my-project\orchid-sam3\results\models\smoke\logs\smoke_stack_snapshot.txt,4710
/mnt/d/my-project/orchid-sam3/results/models/smoke/logs/smoke_stack_snapshot_2.txt,D:\my-project\orchid-sam3\results\models\smoke\logs\smoke_stack_snapshot_2.txt,4710
/mnt/d/my-project/orchid-sam3/results/models/smoke/logs/train_stats.json,D:\my-project\orchid-sam3\results\models\smoke\logs\train_stats.json,4418
/mnt/d/my-project/orchid-sam3/results/models/smoke/requirements.actual.txt,D:\my-project\orchid-sam3\results\models\smoke\requirements.actual.txt,1930
/mnt/d/my-project/orchid-sam3/results/models/smoke/smoke_validation_images.json,D:\my-project\orchid-sam3\results\models\smoke\smoke_validation_images.json,126
/mnt/d/my-project/orchid-sam3/results/models/smoke/tensorboard/events.out.tfevents.1790782154.DESKTOP-E8BF7FL.531.0869ffe99-70c7-4ea1-ba52-9984fe8caa6c,D:\my-project\orchid-sam3\results\models\smoke\tensorboard\events.out.tfevents.1790782154.DESKTOP-E8BF7FL.531.0869ffe99-70c7-4ea1-ba52-9984fe8caa6c,88
/mnt/d/my-project/orchid-sam3/results/models/smoke/tensorboard/events.out.tfevents.1790782304.DESKTOP-E8BF7FL.540.081d2ec81-c309-466d-96b0-3e9e4f05b4c6,D:\my-project\orchid-sam3\results\models\smoke\tensorboard\events.out.tfevents.1790782304.DESKTOP-E8BF7FL.540.081d2ec81-c309-466d-96b0-3e9e4f05b4c6,88
/mnt/d/my-project/orchid-sam3/results/models/smoke/tensorboard/events.out.tfevents.1790782460.DESKTOP-E8BF7FL.531.0cb937397-5ecb-4ce2-ad36-8720b20441a3,D:\my-project\orchid-sam3\results\models\smoke\tensorboard\events.out.tfevents.1790782460.DESKTOP-E8BF7FL.531.0cb937397-5ecb-4ce2-ad36-8720b20441a3,19280
/mnt/d/my-project/orchid-sam3/results/models/smoke/tensorboard/events.out.tfevents.1790783348.DESKTOP-E8BF7FL.531.08ebce1db-f8fa-45d1-bb47-2057a12d24a1,D:\my-project\orchid-sam3\results\models\smoke\tensorboard\events.out.tfevents.1790783348.DESKTOP-E8BF7FL.531.08ebce1db-f8fa-45d1-bb47-2057a12d24a1,88
/mnt/d/my-project/orchid-sam3/results/models/smoke/tensorboard/events.out.tfevents.1790784396.DESKTOP-E8BF7FL.909.03d94b4a3-b8c3-43d6-8ba8-1c18f07ceb6b,D:\my-project\orchid-sam3\results\models\smoke\tensorboard\events.out.tfevents.1790784396.DESKTOP-E8BF7FL.909.03d94b4a3-b8c3-43d6-8ba8-1c18f07ceb6b,26621
/mnt/d/my-project/orchid-sam3/results/models/smoke/tensorboard/events.out.tfevents.1790802947.DESKTOP-E8BF7FL.546.0313a6516-665a-4163-b98c-c1421e7d8b86,D:\my-project\orchid-sam3\results\models\smoke\tensorboard\events.out.tfevents.1790802947.DESKTOP-E8BF7FL.546.0313a6516-665a-4163-b98c-c1421e7d8b86,164
/mnt/d/my-project/orchid-sam3/results/models/smoke/validation/epoch_001.csv,D:\my-project\orchid-sam3\results\models\smoke\validation\epoch_001.csv,1150
