full_path,bytes,relative_to_plan_root
D:\my-project\orchid-sam3\results\models\smoke\checkpoints\diagnostic_clean1.pt,10081260130,models\smoke\checkpoints\diagnostic_clean1.pt
D:\my-project\orchid-sam3\results\models\smoke\logs\2026-10-01_clean_context_clean1_after.json,47413,models\smoke\logs\2026-10-01_clean_context_clean1_after.json
D:\my-project\orchid-sam3\results\models\smoke\logs\2026-10-01_clean_context_clean1_before.json,50978,models\smoke\logs\2026-10-01_clean_context_clean1_before.json
D:\my-project\orchid-sam3\results\models\smoke\logs\2026-10-01_clean_context_clean1_environment.json,347,models\smoke\logs\2026-10-01_clean_context_clean1_environment.json
D:\my-project\orchid-sam3\results\models\smoke\logs\2026-10-01_clean_context_clean1_kernel_pre_run.log,39484,models\smoke\logs\2026-10-01_clean_context_clean1_kernel_pre_run.log
D:\my-project\orchid-sam3\results\models\smoke\logs\2026-10-01_clean_context_clean1_pre_run.json,2211,models\smoke\logs\2026-10-01_clean_context_clean1_pre_run.json
D:\my-project\orchid-sam3\results\models\smoke\logs\2026-10-01_clean_context_clean1_restart.json,309,models\smoke\logs\2026-10-01_clean_context_clean1_restart.json
D:\my-project\orchid-sam3\results\models\smoke\logs\2026-10-01_clean_context_clean1_windows_before.json,4052,models\smoke\logs\2026-10-01_clean_context_clean1_windows_before.json
D:\my-project\orchid-sam3\results\models\smoke\logs\resume_diag_clean1\command.json,250,models\smoke\logs\resume_diag_clean1\command.json
D:\my-project\orchid-sam3\results\models\smoke\logs\resume_diag_clean1\config.yaml,10379,models\smoke\logs\resume_diag_clean1\config.yaml
D:\my-project\orchid-sam3\results\models\smoke\logs\resume_diag_clean1\console.log,155043,models\smoke\logs\resume_diag_clean1\console.log
D:\my-project\orchid-sam3\results\models\smoke\logs\resume_diag_clean1\environment.json,3545,models\smoke\logs\resume_diag_clean1\environment.json
D:\my-project\orchid-sam3\results\models\smoke\logs\resume_diag_clean1\gpu_monitor.jsonl,3253,models\smoke\logs\resume_diag_clean1\gpu_monitor.jsonl
D:\my-project\orchid-sam3\results\models\smoke\logs\resume_diag_clean1\log.txt,139515,models\smoke\logs\resume_diag_clean1\log.txt
D:\my-project\orchid-sam3\results\models\smoke\logs\resume_diag_clean1\result.json,316,models\smoke\logs\resume_diag_clean1\result.json
D:\my-project\orchid-sam3\results\models\smoke\logs\resume_diag_clean1\source_checkpoint.json,152,models\smoke\logs\resume_diag_clean1\source_checkpoint.json
D:\my-project\orchid-sam3\results\models\smoke\logs\resume_diag_clean1\source_preserved.json,83,models\smoke\logs\resume_diag_clean1\source_preserved.json
D:\my-project\orchid-sam3\results\models\smoke\logs\resume_diag_clean1\stages.jsonl,14112,models\smoke\logs\resume_diag_clean1\stages.jsonl
D:\my-project\orchid-sam3\results\models\smoke\logs\resume_diag_clean1\state_after_ddp.json,1231132,models\smoke\logs\resume_diag_clean1\state_after_ddp.json
D:\my-project\orchid-sam3\results\models\smoke\logs\resume_diag_clean1\state_after_restore.json,1231133,models\smoke\logs\resume_diag_clean1\state_after_restore.json
D:\my-project\orchid-sam3\results\models\smoke\logs\resume_diag_clean1\state_after_step.json,1231127,models\smoke\logs\resume_diag_clean1\state_after_step.json
D:\my-project\orchid-sam3\results\models\smoke\logs\resume_diag_clean1\state_before_restore.json,304491,models\smoke\logs\resume_diag_clean1\state_before_restore.json
D:\my-project\orchid-sam3\results\models\smoke\logs\resume_diag_clean1\system_after.json,37433,models\smoke\logs\resume_diag_clean1\system_after.json
D:\my-project\orchid-sam3\results\models\smoke\logs\resume_diag_clean1\system_during_forward.json,47946,models\smoke\logs\resume_diag_clean1\system_during_forward.json
D:\my-project\orchid-sam3\results\models\smoke\logs\resume_diag_clean1\system_during_restore.json,45179,models\smoke\logs\resume_diag_clean1\system_during_restore.json
D:\my-project\orchid-sam3\results\models\smoke\logs\resume_diag_clean1\tensorboard\events.out.tfevents.1790844016.DESKTOP-E8BF7FL.628.0ff1d0760-f41a-4178-a4e9-6b4597bbd1a4,88,models\smoke\logs\resume_diag_clean1\tensorboard\events.out.tfevents.1790844016.DESKTOP-E8BF7FL.628.0ff1d0760-f41a-4178-a4e9-6b4597bbd1a4
D:\my-project\orchid-sam3\results\tables\2026-10-01_clean_context_clean1_checkpoint_verification.json,878,tables\2026-10-01_clean_context_clean1_checkpoint_verification.json
D:\my-project\orchid-sam3\results\tables\2026-10-01_clean_context_clean1_memory.csv,2132,tables\2026-10-01_clean_context_clean1_memory.csv
D:\my-project\orchid-sam3\results\tables\2026-10-01_clean_context_clean1_preservation.json,96,tables\2026-10-01_clean_context_clean1_preservation.json
D:\my-project\orchid-sam3\results\tables\2026-10-01_clean_context_clean1_preservation_before.json,22031,tables\2026-10-01_clean_context_clean1_preservation_before.json
D:\my-project\orchid-sam3\results\tables\2026-10-01_clean_context_clean1_report.json,18592,tables\2026-10-01_clean_context_clean1_report.json
D:\my-project\orchid-sam3\results\tables\2026-10-01_clean_context_clean1_state_comparison.json,465,tables\2026-10-01_clean_context_clean1_state_comparison.json
D:\my-project\orchid-sam3\results\tables\2026-10-01_clean_context_clean1_summary.csv,1942,tables\2026-10-01_clean_context_clean1_summary.csv
D:\my-project\orchid-sam3\results\tables\2026-10-01_resume_diag_clean1.csv,5557,tables\2026-10-01_resume_diag_clean1.csv
